/*
SQLyog Ultimate v12.09 (64 bit)
MySQL - 10.4.17-MariaDB : Database - pwta
*********************************************************************
*/

/*!40101 SET NAMES utf8 */;

/*!40101 SET SQL_MODE=''*/;

/*!40014 SET @OLD_UNIQUE_CHECKS=@@UNIQUE_CHECKS, UNIQUE_CHECKS=0 */;
/*!40014 SET @OLD_FOREIGN_KEY_CHECKS=@@FOREIGN_KEY_CHECKS, FOREIGN_KEY_CHECKS=0 */;
/*!40101 SET @OLD_SQL_MODE=@@SQL_MODE, SQL_MODE='NO_AUTO_VALUE_ON_ZERO' */;
/*!40111 SET @OLD_SQL_NOTES=@@SQL_NOTES, SQL_NOTES=0 */;
CREATE DATABASE /*!32312 IF NOT EXISTS*/`pwta` /*!40100 DEFAULT CHARACTER SET latin1 */;

USE `pwta`;

/*Table structure for table `absensis` */

DROP TABLE IF EXISTS `absensis`;

CREATE TABLE `absensis` (
  `abid` int(11) NOT NULL AUTO_INCREMENT,
  `karnik` bigint(20) unsigned NOT NULL,
  `karnama` varchar(191) COLLATE utf8mb4_unicode_ci NOT NULL,
  `abhar` date NOT NULL,
  `abmas` time DEFAULT NULL,
  `abkel` time DEFAULT NULL,
  `created_at` timestamp NULL DEFAULT NULL,
  `updated_at` timestamp NULL DEFAULT NULL,
  PRIMARY KEY (`abid`),
  KEY `karnik` (`karnik`),
  CONSTRAINT `absensis_ibfk_1` FOREIGN KEY (`karnik`) REFERENCES `karyawans` (`karnik`) ON DELETE CASCADE ON UPDATE CASCADE
) ENGINE=InnoDB AUTO_INCREMENT=383454308 DEFAULT CHARSET=utf8mb4 COLLATE=utf8mb4_unicode_ci;

/*Data for the table `absensis` */

insert  into `absensis`(`abid`,`karnik`,`karnama`,`abhar`,`abmas`,`abkel`,`created_at`,`updated_at`) values (383453118,3506055402000005,'Cindy Widyan Valentina','2021-01-01','16:00:00','01:00:00',NULL,NULL),(383453119,3506055402000005,'Cindy Widyan Valentina','2021-01-02','16:00:00','01:00:00',NULL,NULL),(383453120,3506055402000005,'Cindy Widyan Valentina','2021-01-04','16:10:00','01:00:00',NULL,NULL),(383453121,3506055402000005,'Cindy Widyan Valentina','2021-01-05','16:00:00','01:00:00',NULL,NULL),(383453122,3506055402000005,'Cindy Widyan Valentina','2021-01-06','16:00:00','01:00:00',NULL,NULL),(383453123,3506055402000005,'Cindy Widyan Valentina','2021-01-07','16:00:00','01:00:00',NULL,NULL),(383453124,3506055402000005,'Cindy Widyan Valentina','2021-01-08','16:00:00','01:00:00',NULL,NULL),(383453125,3506055402000005,'Cindy Widyan Valentina','2021-01-09','16:20:00','01:00:00',NULL,NULL),(383453127,3506055402000005,'Cindy Widyan Valentina','2021-01-11','16:00:00','01:00:00',NULL,NULL),(383453128,3506055402000005,'Cindy Widyan Valentina','2021-01-12','16:00:00','01:00:00',NULL,NULL),(383453129,3506055402000005,'Cindy Widyan Valentina','2021-01-13','16:00:00','01:00:00',NULL,NULL),(383453130,3506055402000005,'Cindy Widyan Valentina','2021-01-14','16:00:00','01:00:00',NULL,NULL),(383453131,3506055402000005,'Cindy Widyan Valentina','2021-01-15','16:00:00','01:00:00',NULL,NULL),(383453132,3506055402000005,'Cindy Widyan Valentina','2021-01-16','16:00:00','01:00:00',NULL,NULL),(383453133,3506055402000005,'Cindy Widyan Valentina','2021-01-18','16:00:00','01:00:00',NULL,NULL),(383453134,3506055402000005,'Cindy Widyan Valentina','2021-01-19','16:00:00','01:00:00',NULL,NULL),(383453135,3506055402000005,'Cindy Widyan Valentina','2021-01-20','16:00:00','01:00:00',NULL,NULL),(383453136,3506055402000005,'Cindy Widyan Valentina','2021-01-21','16:00:00','01:00:00',NULL,NULL),(383453137,3506055402000005,'Cindy Widyan Valentina','2021-01-22','16:00:00','01:00:00',NULL,NULL),(383453138,3506055402000005,'Cindy Widyan Valentina','2021-01-23','16:00:00','01:00:00',NULL,NULL),(383453139,3506055402000005,'Cindy Widyan Valentina','2021-01-24','16:00:00','01:00:00',NULL,NULL),(383453140,3506055402000005,'Cindy Widyan Valentina','2021-01-25','16:00:00','01:00:00',NULL,NULL),(383453141,3506055402000005,'Cindy Widyan Valentina','2021-01-26','16:00:00','01:00:00',NULL,NULL),(383453142,3506055402000005,'Cindy Widyan Valentina','2021-01-27','16:00:00','01:00:00',NULL,NULL),(383453143,3506055402000005,'Cindy Widyan Valentina','2021-01-28','16:00:00','01:00:00',NULL,NULL),(383453144,3506055402000005,'Cindy Widyan Valentina','2021-01-29','16:00:00','01:00:00',NULL,NULL),(383453145,3506055402000005,'Cindy Widyan Valentina','2021-01-30','16:00:00','01:00:00',NULL,NULL),(383453146,3506055402000005,'Cindy Widyan Valentina','2021-01-31','16:00:00','01:00:00',NULL,NULL),(383453147,3506055402000005,'Cindy Widyan Valentina','2021-02-01','16:00:00','01:00:00',NULL,NULL),(383453148,3506055402000005,'Cindy Widyan Valentina','2021-02-02','16:00:00','01:00:00',NULL,NULL),(383453149,3506055402000005,'Cindy Widyan Valentina','2021-02-03','16:00:00','01:00:00',NULL,NULL),(383453150,3506055402000005,'Cindy Widyan Valentina','2021-02-04','16:00:00','01:00:00',NULL,NULL),(383453151,3506055402000005,'Cindy Widyan Valentina','2021-02-05','16:05:00','01:00:00',NULL,NULL),(383453152,3506055402000005,'Cindy Widyan Valentina','2021-02-06','16:00:00','01:00:00',NULL,NULL),(383453153,3506055402000005,'Cindy Widyan Valentina','2021-02-07','16:00:00','01:00:00',NULL,NULL),(383453154,3506055402000005,'Cindy Widyan Valentina','2021-02-08','16:00:00','01:00:00',NULL,NULL),(383453155,3506055402000005,'Cindy Widyan Valentina','2021-02-09','16:11:21','01:00:00',NULL,NULL),(383453156,3506055402000005,'Cindy Widyan Valentina','2021-02-10','16:00:00','01:00:00',NULL,NULL),(383453157,3506055402000005,'Cindy Widyan Valentina','2021-02-11','16:00:00','01:00:00',NULL,NULL),(383453158,3506055402000005,'Cindy Widyan Valentina','2021-02-12','16:00:00','01:00:00',NULL,NULL),(383453159,3506055402000005,'Cindy Widyan Valentina','2021-02-13','16:00:00','01:00:00',NULL,NULL),(383453160,3506055402000005,'Cindy Widyan Valentina','2021-02-14','16:00:00','01:00:00',NULL,NULL),(383453161,3506055402000005,'Cindy Widyan Valentina','2021-02-15','16:00:00','01:00:00',NULL,NULL),(383453162,3506055402000005,'Cindy Widyan Valentina','2021-02-16','16:00:00','01:00:00',NULL,NULL),(383453163,3506055402000005,'Cindy Widyan Valentina','2021-02-17','16:00:00','01:00:00',NULL,NULL),(383453164,3506055402000005,'Cindy Widyan Valentina','2021-02-18','16:00:00','01:00:00',NULL,NULL),(383453165,3506055402000005,'Cindy Widyan Valentina','2021-02-19','16:00:00','01:00:00',NULL,NULL),(383453166,3506055402000005,'Cindy Widyan Valentina','2021-02-20','16:00:00','01:00:00',NULL,NULL),(383453167,3506055402000005,'Cindy Widyan Valentina','2021-02-21','16:00:00','01:00:00',NULL,NULL),(383453168,3506055402000005,'Cindy Widyan Valentina','2021-02-22','16:00:00','01:00:00',NULL,NULL),(383453169,3506055402000005,'Cindy Widyan Valentina','2021-02-23','16:00:00','01:00:00',NULL,NULL),(383453170,3506055402000005,'Cindy Widyan Valentina','2021-02-25','16:00:00','01:00:00',NULL,NULL),(383453171,3506055402000005,'Cindy Widyan Valentina','2021-02-26','16:00:00','01:00:00',NULL,NULL),(383453172,3506055402000005,'Cindy Widyan Valentina','2021-02-27','16:00:00','01:00:00',NULL,NULL),(383453173,3506055402000005,'Cindy Widyan Valentina','2021-02-28','16:00:00','01:00:00',NULL,NULL),(383453174,3506055402000005,'Cindy Widyan Valentina','2021-03-01','16:00:00','01:00:00',NULL,NULL),(383453175,3506055402000005,'Cindy Widyan Valentina','2021-03-02','16:00:00','01:00:00',NULL,NULL),(383453176,3506055402000005,'Cindy Widyan Valentina','2021-03-03','16:00:00','01:00:00',NULL,NULL),(383453177,3506055402000005,'Cindy Widyan Valentina','2021-03-04','16:00:00','01:00:00',NULL,NULL),(383453178,3506055402000005,'Cindy Widyan Valentina','2021-03-05','16:00:00','01:00:00',NULL,NULL),(383453179,3506055402000005,'Cindy Widyan Valentina','2021-03-06','16:00:00','01:00:00',NULL,NULL),(383453180,3506055402000005,'Cindy Widyan Valentina','2021-03-07','16:00:00','01:00:00',NULL,NULL),(383453181,3506055402000005,'Cindy Widyan Valentina','2021-03-08','16:00:00','01:00:00',NULL,NULL),(383453182,3506055402000005,'Cindy Widyan Valentina','2021-03-09','16:00:00','01:00:00',NULL,NULL),(383453183,3506055402000005,'Cindy Widyan Valentina','2021-03-10','16:00:00','01:00:00',NULL,NULL),(383453184,3506055402000005,'Cindy Widyan Valentina','2021-03-11','16:00:00','01:00:00',NULL,NULL),(383453185,3506055402000005,'Cindy Widyan Valentina','2021-03-12','16:00:00','01:00:00',NULL,NULL),(383453186,3506055402000005,'Cindy Widyan Valentina','2021-03-13','16:00:00','01:00:00',NULL,NULL),(383453187,3506055402000005,'Cindy Widyan Valentina','2021-03-14','16:00:00','01:00:00',NULL,NULL),(383453188,3506055402000005,'Cindy Widyan Valentina','2021-03-15','16:00:00','01:00:00',NULL,NULL),(383453189,3506055402000005,'Cindy Widyan Valentina','2021-03-16','16:00:00','01:00:00',NULL,NULL),(383453190,3506055402000005,'Cindy Widyan Valentina','2021-03-17','16:00:00','01:00:00',NULL,NULL),(383453191,3506055402000005,'Cindy Widyan Valentina','2021-03-18','16:00:00','01:00:00',NULL,NULL),(383453192,3506055402000005,'Cindy Widyan Valentina','2021-03-19','16:00:00','01:00:00',NULL,NULL),(383453193,3506055402000005,'Cindy Widyan Valentina','2021-03-20','16:00:00','01:00:00',NULL,NULL),(383453194,3506055402000005,'Cindy Widyan Valentina','2021-03-21','16:00:00','01:00:00',NULL,NULL),(383453195,3506055402000005,'Cindy Widyan Valentina','2021-03-22','16:00:00','01:00:00',NULL,NULL),(383453196,3506055402000005,'Cindy Widyan Valentina','2021-03-23','16:00:00','01:00:00',NULL,NULL),(383453197,3506055402000005,'Cindy Widyan Valentina','2021-03-25','16:00:00','01:00:00',NULL,NULL),(383453198,3506055402000005,'Cindy Widyan Valentina','2021-03-26','16:00:00','01:00:00',NULL,NULL),(383453199,3506055402000005,'Cindy Widyan Valentina','2021-03-27','16:05:00','01:00:00',NULL,NULL),(383453200,3506055402000005,'Cindy Widyan Valentina','2021-03-28','16:00:00','01:00:00',NULL,NULL),(383453201,3506055402000005,'Cindy Widyan Valentina','2021-03-24','16:00:00','01:00:00',NULL,NULL),(383453202,3506055402000005,'Cindy Widyan Valentina','2021-03-29','16:00:00','01:00:00',NULL,NULL),(383453203,3506055402000005,'Cindy Widyan Valentina','2021-03-30','16:00:00','01:00:00',NULL,NULL),(383453204,3506055402000005,'Cindy Widyan Valentina','2021-03-31','16:00:00','01:00:00',NULL,NULL),(383453205,3506055402000005,'Cindy Widyan Valentina','2021-02-24','16:00:00','01:00:00',NULL,NULL),(383453206,3506055402000005,'Cindy Widyan Valentina','2021-04-01','16:00:00','01:00:00',NULL,NULL),(383453207,3506055402000005,'Cindy Widyan Valentina','2021-04-02','16:00:00','01:00:00',NULL,NULL),(383453208,3506055402000005,'Cindy Widyan Valentina','2021-04-03','16:00:00','01:00:00',NULL,NULL),(383453209,3506055402000005,'Cindy Widyan Valentina','2021-04-05','16:00:00','01:00:00',NULL,NULL),(383453210,3506055402000005,'Cindy Widyan Valentina','2021-04-06','16:00:00','01:00:00',NULL,NULL),(383453211,3506055402000005,'Cindy Widyan Valentina','2021-04-07','16:00:00','01:00:00',NULL,NULL),(383453212,3506055402000005,'Cindy Widyan Valentina','2021-04-08','16:00:00','01:00:00',NULL,NULL),(383453213,3506055402000005,'Cindy Widyan Valentina','2021-04-09','16:00:00','01:00:00',NULL,NULL),(383453214,3506055402000005,'Cindy Widyan Valentina','2021-04-10','16:00:00','01:00:00',NULL,NULL),(383453215,3506055402000005,'Cindy Widyan Valentina','2021-04-11','16:00:00','01:00:00',NULL,NULL),(383453216,3506055402000005,'Cindy Widyan Valentina','2021-04-12','16:00:00','01:00:00',NULL,NULL),(383453217,3506055402000005,'Cindy Widyan Valentina','2021-04-13','16:00:00','01:00:00',NULL,NULL),(383453218,3506055402000005,'Cindy Widyan Valentina','2021-04-14','16:00:00','01:00:00',NULL,NULL),(383453219,3506055402000005,'Cindy Widyan Valentina','2021-04-15','16:00:00','01:00:00',NULL,NULL),(383453220,3506055402000005,'Cindy Widyan Valentina','2021-04-16','16:00:00','01:00:00',NULL,NULL),(383453221,3506055402000005,'Cindy Widyan Valentina','2021-04-17','16:00:00','01:00:00',NULL,NULL),(383453222,3506055402000005,'Cindy Widyan Valentina','2021-04-19','16:00:00','01:00:00',NULL,NULL),(383453223,3506055402000005,'Cindy Widyan Valentina','2021-04-20','16:00:00','01:00:00',NULL,NULL),(383453224,3506055402000005,'Cindy Widyan Valentina','2021-04-21','16:00:00','01:00:00',NULL,NULL),(383453225,3506055402000005,'Cindy Widyan Valentina','2021-04-22','16:00:00','01:00:00',NULL,NULL),(383453226,3506055402000005,'Cindy Widyan Valentina','2021-04-23','16:00:00','01:00:00',NULL,NULL),(383453227,3506055402000005,'Cindy Widyan Valentina','2021-04-24','16:00:00','01:00:00',NULL,NULL),(383453228,3506055402000005,'Cindy Widyan Valentina','2021-04-25','16:00:00','01:00:00',NULL,NULL),(383453229,3506055402000005,'Cindy Widyan Valentina','2021-04-26','16:00:00','01:00:00',NULL,NULL),(383453230,3506055402000005,'Cindy Widyan Valentina','2021-04-27','16:00:00','01:00:00',NULL,NULL),(383453231,3506055402000005,'Cindy Widyan Valentina','2021-04-28','16:00:00','01:00:00',NULL,NULL),(383453232,3506055402000005,'Cindy Widyan Valentina','2021-04-29','16:00:00','01:00:00',NULL,NULL),(383453233,3506055402000005,'Cindy Widyan Valentina','2021-04-30','16:00:00','01:00:00',NULL,NULL),(383453234,3506055402000005,'Cindy Widyan Valentina','2021-05-01','16:00:00','01:00:00',NULL,NULL),(383453235,3506055402000005,'Cindy Widyan Valentina','2021-05-02','16:00:00','01:00:00',NULL,NULL),(383453236,3506055402000005,'Cindy Widyan Valentina','2021-05-03','16:00:00','01:00:00',NULL,NULL),(383453237,3506055402000005,'Cindy Widyan Valentina','2021-05-04','16:00:00','01:00:00',NULL,NULL),(383453238,3506055402000005,'Cindy Widyan Valentina','2021-05-05','16:00:00','01:00:00',NULL,NULL),(383453239,3506055402000005,'Cindy Widyan Valentina','2021-05-06','16:00:00','01:00:00',NULL,NULL),(383453240,3506055402000005,'Cindy Widyan Valentina','2021-05-07','16:00:00','01:00:00',NULL,NULL),(383453241,3506055402000005,'Cindy Widyan Valentina','2021-05-08','16:00:00','01:00:00',NULL,NULL),(383453242,3506055402000005,'Cindy Widyan Valentina','2021-05-09','16:00:00','01:00:00',NULL,NULL),(383453243,3506055402000005,'Cindy Widyan Valentina','2021-05-10','16:00:00','01:00:00',NULL,NULL),(383453244,3506055402000005,'Cindy Widyan Valentina','2021-05-11','16:00:00','01:00:00',NULL,NULL),(383453245,3506055402000005,'Cindy Widyan Valentina','2021-05-12','16:00:00','01:00:00',NULL,NULL),(383453246,3506055402000005,'Cindy Widyan Valentina','2021-05-15','16:00:00','01:00:00',NULL,NULL),(383453247,3506055402000005,'Cindy Widyan Valentina','2021-05-16','16:00:00','01:00:00',NULL,NULL),(383453248,3506055402000005,'Cindy Widyan Valentina','2021-05-17','16:00:00','01:00:00',NULL,NULL),(383453249,3506055402000005,'Cindy Widyan Valentina','2021-05-18','16:00:00','01:00:00',NULL,NULL),(383453250,3506055402000005,'Cindy Widyan Valentina','2021-05-19','16:00:00','01:00:00',NULL,NULL),(383453251,3506055402000005,'Cindy Widyan Valentina','2021-05-20','16:00:00','01:00:00',NULL,NULL),(383453252,3506055402000005,'Cindy Widyan Valentina','2021-05-21','16:00:00','01:00:00',NULL,NULL),(383453253,3506055402000005,'Cindy Widyan Valentina','2021-05-22','16:00:00','01:00:00',NULL,NULL),(383453254,3506055402000005,'Cindy Widyan Valentina','2021-05-23','16:00:00','01:00:00',NULL,NULL),(383453255,3506055402000005,'Cindy Widyan Valentina','2021-05-24','16:00:00','01:00:00',NULL,NULL),(383453256,3506055402000005,'Cindy Widyan Valentina','2021-05-25','16:00:00','01:00:00',NULL,NULL),(383453257,3506055402000005,'Cindy Widyan Valentina','2021-05-26','16:00:00','01:00:00',NULL,NULL),(383453258,3506055402000005,'Cindy Widyan Valentina','2021-05-27','16:00:00','01:00:00',NULL,NULL),(383453259,3506055402000005,'Cindy Widyan Valentina','2021-05-28','16:00:00','01:00:00',NULL,NULL),(383453260,3506055402000005,'Cindy Widyan Valentina','2021-05-29','16:00:00','01:00:00',NULL,NULL),(383453261,3506055402000005,'Cindy Widyan Valentina','2021-05-30','16:00:00','01:00:00',NULL,NULL),(383453262,3506055402000005,'Cindy Widyan Valentina','2021-05-31','16:00:00','01:00:00',NULL,NULL),(383453263,3506052505970006,'Bambang Sugianto','2021-05-01','16:00:00','01:00:00',NULL,NULL),(383453264,3506052505970006,'Bambang Sugianto','2021-05-02','16:00:00','01:00:00',NULL,NULL),(383453265,3506052505970006,'Bambang Sugianto','2021-05-03','16:00:00','01:00:00',NULL,NULL),(383453266,3506052505970006,'Bambang Sugianto','2021-05-04','16:00:00','01:00:00',NULL,NULL),(383453267,3506052505970006,'Bambang Sugianto','2021-05-05','16:00:00','01:00:00',NULL,NULL),(383453268,3506052505970006,'Bambang Sugianto','2021-05-06','16:00:00','01:00:00',NULL,NULL),(383453269,3506052505970006,'Bambang Sugianto','2021-05-07','16:00:00','01:00:00',NULL,NULL),(383453270,3506052505970006,'Bambang Sugianto','2021-05-08','16:00:00','01:00:00',NULL,NULL),(383453271,3506052505970006,'Bambang Sugianto','2021-05-09','16:00:00','01:00:00',NULL,NULL),(383453272,3506052505970006,'Bambang Sugianto','2021-05-10','16:00:00','01:00:00',NULL,NULL),(383453273,3506052505970006,'Bambang Sugianto','2021-05-11','16:00:00','01:00:00',NULL,NULL),(383453274,3506052505970006,'Bambang Sugianto','2021-05-12','16:00:00','01:00:00',NULL,NULL),(383453275,3506052505970006,'Bambang Sugianto','2021-05-15','16:00:00','01:00:00',NULL,NULL),(383453276,3506052505970006,'Bambang Sugianto','2021-05-16','16:00:00','01:00:00',NULL,NULL),(383453277,3506052505970006,'Bambang Sugianto','2021-05-17','16:00:00','01:00:00',NULL,NULL),(383453278,3506052505970006,'Bambang Sugianto','2021-05-18','16:00:00','01:00:00',NULL,NULL),(383453279,3506052505970006,'Bambang Sugianto','2021-05-19','16:00:00','01:00:00',NULL,NULL),(383453280,3506052505970006,'Bambang Sugianto','2021-05-20','16:00:00','01:00:00',NULL,NULL),(383453281,3506052505970006,'Bambang Sugianto','2021-05-21','16:00:00','01:00:00',NULL,NULL),(383453282,3506052505970006,'Bambang Sugianto','2021-05-22','16:00:00','01:00:00',NULL,NULL),(383453283,3506052505970006,'Bambang Sugianto','2021-05-23','16:02:00','01:00:00',NULL,NULL),(383453284,3506052505970006,'Bambang Sugianto','2021-05-24','16:00:00','01:00:00',NULL,NULL),(383453285,3506052505970006,'Bambang Sugianto','2021-05-25','16:00:00','01:00:00',NULL,NULL),(383453286,3506052505970006,'Bambang Sugianto','2021-05-26','16:00:00','01:00:00',NULL,NULL),(383453287,3506052505970006,'Bambang Sugianto','2021-05-27','16:09:00','01:00:00',NULL,NULL),(383453288,3506052505970006,'Bambang Sugianto','2021-05-28','16:00:00','01:00:00',NULL,NULL),(383453289,3506052505970006,'Bambang Sugianto','2021-05-29','16:00:00','01:00:00',NULL,NULL),(383453290,3506052505970006,'Bambang Sugianto','2021-05-30','16:00:00','01:00:00',NULL,NULL),(383453291,3506052505970006,'Bambang Sugianto','2021-05-31','16:00:00','01:00:00',NULL,NULL),(383453292,3506055402000005,'Cindy Widyan Valentina','2021-01-10','16:00:00','01:00:00',NULL,NULL),(383453293,3506052505970006,'Bambang Sugianto','2021-01-01','16:00:00','01:00:00',NULL,NULL),(383453294,3506052505970006,'Bambang Sugianto','2021-01-02','16:00:00','01:00:00',NULL,NULL),(383453295,3506052505970006,'Bambang Sugianto','2021-01-03','16:00:00','01:00:00',NULL,NULL),(383453296,3506052505970006,'Bambang Sugianto','2021-01-04','16:00:00','01:00:00',NULL,NULL),(383453297,3506052505970006,'Bambang Sugianto','2021-01-05','16:00:00','01:00:00',NULL,NULL),(383453298,3506052505970006,'Bambang Sugianto','2021-01-06','16:00:00','01:00:00',NULL,NULL),(383453299,3506052505970006,'Bambang Sugianto','2021-01-07','16:00:00','01:00:00',NULL,NULL),(383453300,3506052505970006,'Bambang Sugianto','2021-01-08','16:00:00','01:00:00',NULL,NULL),(383453301,3506052505970006,'Bambang Sugianto','2021-01-09','16:00:00','01:00:00',NULL,NULL),(383453302,3506052505970006,'Bambang Sugianto','2021-01-11','16:00:00','01:00:00',NULL,NULL),(383453303,3506052505970006,'Bambang Sugianto','2021-01-12','16:00:00','01:00:00',NULL,NULL),(383453304,3506052505970006,'Bambang Sugianto','2021-01-13','16:00:00','01:00:00',NULL,NULL),(383453305,3506052505970006,'Bambang Sugianto','2021-01-14','16:11:00','01:00:00',NULL,NULL),(383453306,3506052505970006,'Bambang Sugianto','2021-01-15','16:00:00','01:00:00',NULL,NULL),(383453307,3506052505970006,'Bambang Sugianto','2021-01-16','16:00:00','01:00:00',NULL,NULL),(383453308,3506052505970006,'Bambang Sugianto','2021-01-17','16:00:00','01:00:00',NULL,NULL),(383453309,3506052505970006,'Bambang Sugianto','2021-01-18','16:00:00','01:00:00',NULL,NULL),(383453310,3506052505970006,'Bambang Sugianto','2021-01-19','16:00:00','01:00:00',NULL,NULL),(383453311,3506052505970006,'Bambang Sugianto','2021-01-20','16:00:00','01:00:00',NULL,NULL),(383453312,3506052505970006,'Bambang Sugianto','2021-01-21','16:00:00','01:00:00',NULL,NULL),(383453313,3506052505970006,'Bambang Sugianto','2021-01-22','16:00:00','01:00:00',NULL,NULL),(383453314,3506052505970006,'Bambang Sugianto','2021-01-23','16:00:00','01:00:00',NULL,NULL),(383453315,3506052505970006,'Bambang Sugianto','2021-01-25','16:00:00','01:00:00',NULL,NULL),(383453316,3506052505970006,'Bambang Sugianto','2021-01-26','16:00:00','01:00:00',NULL,NULL),(383453317,3506052505970006,'Bambang Sugianto','2021-01-27','16:00:00','01:00:00',NULL,NULL),(383453318,3506052505970006,'Bambang Sugianto','2021-01-28','16:00:00','01:00:00',NULL,NULL),(383453319,3506052505970006,'Bambang Sugianto','2021-01-29','16:00:00','01:00:00',NULL,NULL),(383453320,3506052505970006,'Bambang Sugianto','2021-01-30','16:00:00','01:00:00',NULL,NULL),(383453321,3506052505970006,'Bambang Sugianto','2021-01-31','16:00:00','01:00:00',NULL,NULL),(383453322,3506052505970006,'Bambang Sugianto','2021-02-01','16:00:00','01:00:00',NULL,NULL),(383453323,3506052505970006,'Bambang Sugianto','2021-02-02','16:00:00','01:00:00',NULL,NULL),(383453324,3506052505970006,'Bambang Sugianto','2021-02-03','16:00:00','01:00:00',NULL,NULL),(383453325,3506052505970006,'Bambang Sugianto','2021-02-04','16:00:00','01:00:00',NULL,NULL),(383453326,3506052505970006,'Bambang Sugianto','2021-02-05','16:00:00','01:00:00',NULL,NULL),(383453327,3506052505970006,'Bambang Sugianto','2021-02-06','16:00:00','01:00:00',NULL,NULL),(383453328,3506052505970006,'Bambang Sugianto','2021-02-07','16:00:00','01:00:00',NULL,NULL),(383453329,3506052505970006,'Bambang Sugianto','2021-02-08','16:00:00','01:00:00',NULL,NULL),(383453330,3506052505970006,'Bambang Sugianto','2021-02-09','16:00:00','01:00:00',NULL,NULL),(383453331,3506052505970006,'Bambang Sugianto','2021-02-10','16:00:00','01:00:00',NULL,NULL),(383453332,3506052505970006,'Bambang Sugianto','2021-02-11','16:00:00','01:00:00',NULL,NULL),(383453333,3506052505970006,'Bambang Sugianto','2021-02-12','16:00:00','01:00:00',NULL,NULL),(383453334,3506052505970006,'Bambang Sugianto','2021-02-13','16:00:00','01:00:00',NULL,NULL),(383453335,3506052505970006,'Bambang Sugianto','2021-02-14','16:00:00','01:00:00',NULL,NULL),(383453336,3506052505970006,'Bambang Sugianto','2021-02-15','16:00:00','01:00:00',NULL,NULL),(383453337,3506052505970006,'Bambang Sugianto','2021-02-16','16:00:00','01:00:00',NULL,NULL),(383453338,3506052505970006,'Bambang Sugianto','2021-02-17','16:00:00','01:00:00',NULL,NULL),(383453339,3506052505970006,'Bambang Sugianto','2021-02-18','16:00:00','01:00:00',NULL,NULL),(383453340,3506052505970006,'Bambang Sugianto','2021-02-19','16:00:00','01:00:00',NULL,NULL),(383453341,3506052505970006,'Bambang Sugianto','2021-02-20','16:00:00','01:00:00',NULL,NULL),(383453342,3506052505970006,'Bambang Sugianto','2021-02-21','16:00:00','01:00:00',NULL,NULL),(383453343,3506052505970006,'Bambang Sugianto','2021-02-22','16:00:00','01:00:00',NULL,NULL),(383453344,3506052505970006,'Bambang Sugianto','2021-02-23','16:00:00','01:00:00',NULL,NULL),(383453345,3506052505970006,'Bambang Sugianto','2021-02-24','16:00:00','01:00:00',NULL,NULL),(383453346,3506052505970006,'Bambang Sugianto','2021-02-25','16:00:00','01:00:00',NULL,NULL),(383453347,3506052505970006,'Bambang Sugianto','2021-02-26','16:00:00','01:00:00',NULL,NULL),(383453348,3506052505970006,'Bambang Sugianto','2021-02-27','16:00:00','01:00:00',NULL,NULL),(383453349,3506052505970006,'Bambang Sugianto','2021-02-28','16:00:00','01:00:00',NULL,NULL),(383453350,3506052505970006,'Bambang Sugianto','2021-03-01','16:00:00','01:00:00',NULL,NULL),(383453351,3506052505970006,'Bambang Sugianto','2021-03-02','16:00:00','01:00:00',NULL,NULL),(383453352,3506052505970006,'Bambang Sugianto','2021-03-03','16:00:00','01:00:00',NULL,NULL),(383453353,3506052505970006,'Bambang Sugianto','2021-03-04','16:00:00','01:00:00',NULL,NULL),(383453354,3506052505970006,'Bambang Sugianto','2021-03-05','16:00:00','01:00:00',NULL,NULL),(383453355,3506052505970006,'Bambang Sugianto','2021-03-06','16:09:30','01:00:00',NULL,NULL),(383453356,3506052505970006,'Bambang Sugianto','2021-03-07','16:00:00','01:00:00',NULL,NULL),(383453357,3506052505970006,'Bambang Sugianto','2021-03-08','16:00:00','01:00:00',NULL,NULL),(383453358,3506052505970006,'Bambang Sugianto','2021-03-09','16:00:00','01:00:00',NULL,NULL),(383453359,3506052505970006,'Bambang Sugianto','2021-03-10','16:00:00','01:00:00',NULL,NULL),(383453360,3506052505970006,'Bambang Sugianto','2021-03-11','16:00:00','01:00:00',NULL,NULL),(383453361,3506052505970006,'Bambang Sugianto','2021-03-12','16:00:00','01:00:00',NULL,NULL),(383453362,3506052505970006,'Bambang Sugianto','2021-03-13','16:00:00','01:00:00',NULL,NULL),(383453363,3506052505970006,'Bambang Sugianto','2021-03-15','16:00:00','01:00:00',NULL,NULL),(383453364,3506052505970006,'Bambang Sugianto','2021-03-16','16:00:00','01:00:00',NULL,NULL),(383453368,3506052505970006,'Bambang Sugianto','2021-03-20','16:00:00','01:00:00',NULL,NULL),(383453369,3506052505970006,'Bambang Sugianto','2021-03-21','16:00:00','01:00:00',NULL,NULL),(383453370,3506052505970006,'Bambang Sugianto','2021-03-22','16:00:00','01:00:00',NULL,NULL),(383453371,3506052505970006,'Bambang Sugianto','2021-03-23','16:00:00','01:00:00',NULL,NULL),(383453372,3506052505970006,'Bambang Sugianto','2021-03-24','16:00:00','01:00:00',NULL,NULL),(383453373,3506052505970006,'Bambang Sugianto','2021-03-25','16:00:00','01:00:00',NULL,NULL),(383453374,3506052505970006,'Bambang Sugianto','2021-03-26','16:00:00','01:00:00',NULL,NULL),(383453375,3506052505970006,'Bambang Sugianto','2021-03-27','16:00:00','01:00:00',NULL,NULL),(383453376,3506052505970006,'Bambang Sugianto','2021-03-28','16:00:00','01:00:00',NULL,NULL),(383453377,3506052505970006,'Bambang Sugianto','2021-03-29','16:00:00','01:00:00',NULL,NULL),(383453378,3506052505970006,'Bambang Sugianto','2021-03-30','16:00:00','01:00:00',NULL,NULL),(383453379,3506052505970006,'Bambang Sugianto','2021-03-31','16:00:00','01:00:00',NULL,NULL),(383453380,3506052505970006,'Bambang Sugianto','2021-04-01','16:00:00','01:00:00',NULL,NULL),(383453381,3506052505970006,'Bambang Sugianto','2021-04-02','16:00:00','01:00:00',NULL,NULL),(383453382,3506052505970006,'Bambang Sugianto','2021-04-03','16:00:00','01:00:00',NULL,NULL),(383453383,3506052505970006,'Bambang Sugianto','2021-04-04',NULL,NULL,NULL,'2021-06-02 21:06:36'),(383453384,3506052505970006,'Bambang Sugianto','2021-04-05','16:00:00','01:00:00',NULL,NULL),(383453385,3506052505970006,'Bambang Sugianto','2021-04-06','16:00:00','01:00:00',NULL,NULL),(383453386,3506052505970006,'Bambang Sugianto','2021-04-07','16:00:00','01:00:00',NULL,NULL),(383453387,3506052505970006,'Bambang Sugianto','2021-04-08','16:00:00','01:00:00',NULL,NULL),(383453388,3506052505970006,'Bambang Sugianto','2021-04-09','16:00:00','01:00:00',NULL,NULL),(383453389,3506052505970006,'Bambang Sugianto','2021-04-10','16:00:00','01:00:00',NULL,NULL),(383453390,3506052505970006,'Bambang Sugianto','2021-04-11','16:00:00','01:00:00',NULL,NULL),(383453391,3506052505970006,'Bambang Sugianto','2021-04-12','16:00:00','01:00:00',NULL,NULL),(383453392,3506052505970006,'Bambang Sugianto','2021-04-13','16:00:00','01:00:00',NULL,NULL),(383453393,3506052505970006,'Bambang Sugianto','2021-04-14','16:00:00','01:00:00',NULL,NULL),(383453394,3506052505970006,'Bambang Sugianto','2021-04-15','16:00:00','01:00:00',NULL,NULL),(383453395,3506052505970006,'Bambang Sugianto','2021-04-16','16:00:00','01:00:00',NULL,NULL),(383453396,3506052505970006,'Bambang Sugianto','2021-04-17','16:00:00','01:00:00',NULL,NULL),(383453397,3506052505970006,'Bambang Sugianto','2021-04-18','16:00:00','01:00:00',NULL,NULL),(383453398,3506052505970006,'Bambang Sugianto','2021-04-19','16:00:00','01:00:00',NULL,NULL),(383453399,3506052505970006,'Bambang Sugianto','2021-04-20','16:00:00','01:00:00',NULL,NULL),(383453400,3506052505970006,'Bambang Sugianto','2021-04-21','16:00:00','01:00:00',NULL,NULL),(383453401,3506052505970006,'Bambang Sugianto','2021-04-22','16:00:00','01:00:00',NULL,NULL),(383453402,3506052505970006,'Bambang Sugianto','2021-04-23','16:00:00','01:00:00',NULL,NULL),(383453403,3506052505970006,'Bambang Sugianto','2021-04-24','16:00:00','01:00:00',NULL,NULL),(383453404,3506052505970006,'Bambang Sugianto','2021-04-25','16:00:00','01:00:00',NULL,NULL),(383453405,3506052505970006,'Bambang Sugianto','2021-04-26','16:00:00','01:00:00',NULL,NULL),(383453406,3506052505970006,'Bambang Sugianto','2021-04-27','16:00:00','01:00:00',NULL,NULL),(383453407,3506052505970006,'Bambang Sugianto','2021-04-28','16:00:00','01:00:00',NULL,NULL),(383453408,3506052505970006,'Bambang Sugianto','2021-04-29','16:00:00','01:00:00',NULL,NULL),(383453409,3506052505970006,'Bambang Sugianto','2021-04-30','16:00:00','01:00:00',NULL,NULL),(383453410,3506052811010001,'Muchtar Al Husain','2021-01-01','16:00:00','01:00:00',NULL,NULL),(383453411,3506052811010001,'Muchtar Al Husain','2021-01-02','16:00:00','01:00:00',NULL,NULL),(383453412,3506052811010001,'Muchtar Al Husain','2021-01-03','16:00:00','01:00:00',NULL,NULL),(383453413,3506052811010001,'Muchtar Al Husain','2021-01-04','16:00:00','01:00:00',NULL,NULL),(383453414,3506052811010001,'Muchtar Al Husain','2021-01-05','16:00:00','01:00:00',NULL,NULL),(383453415,3506052811010001,'Muchtar Al Husain','2021-01-06','16:00:00','01:00:00',NULL,NULL),(383453416,3506052811010001,'Muchtar Al Husain','2021-01-07','16:00:00','01:00:00',NULL,NULL),(383453417,3506052811010001,'Muchtar Al Husain','2021-01-08','16:00:00','01:00:00',NULL,NULL),(383453418,3506052811010001,'Muchtar Al Husain','2021-01-09','16:00:00','01:00:00',NULL,NULL),(383453419,3506052811010001,'Muchtar Al Husain','2021-01-10','16:00:00','01:00:00',NULL,NULL),(383453420,3506052811010001,'Muchtar Al Husain','2021-01-11','16:00:00','01:00:00',NULL,NULL),(383453421,3506052811010001,'Muchtar Al Husain','2021-01-12','16:00:00','01:00:00',NULL,NULL),(383453422,3506052811010001,'Muchtar Al Husain','2021-01-13','16:00:00','01:00:00',NULL,NULL),(383453423,3506052811010001,'Muchtar Al Husain','2021-01-14','16:00:00','01:00:00',NULL,NULL),(383453424,3506052811010001,'Muchtar Al Husain','2021-01-15','16:00:00','01:00:00',NULL,NULL),(383453425,3506052811010001,'Muchtar Al Husain','2021-01-16','16:00:00','01:00:00',NULL,NULL),(383453426,3506052811010001,'Muchtar Al Husain','2021-01-17','16:00:00','01:00:00',NULL,NULL),(383453427,3506052811010001,'Muchtar Al Husain','2021-01-18','16:00:00','01:00:00',NULL,NULL),(383453428,3506052811010001,'Muchtar Al Husain','2021-01-19','16:00:00','01:00:00',NULL,NULL),(383453429,3506052811010001,'Muchtar Al Husain','2021-01-20','16:00:00','01:00:00',NULL,NULL),(383453430,3506052811010001,'Muchtar Al Husain','2021-01-21','16:00:00','01:00:00',NULL,NULL),(383453431,3506052811010001,'Muchtar Al Husain','2021-01-22','16:00:00','01:00:00',NULL,NULL),(383453432,3506052811010001,'Muchtar Al Husain','2021-01-23','16:00:00','01:00:00',NULL,NULL),(383453433,3506052811010001,'Muchtar Al Husain','2021-01-24','16:00:00','01:00:00',NULL,NULL),(383453434,3506052811010001,'Muchtar Al Husain','2021-01-25','16:00:00','01:00:00',NULL,NULL),(383453435,3506052811010001,'Muchtar Al Husain','2021-01-26','16:20:00','01:00:00',NULL,NULL),(383453436,3506052811010001,'Muchtar Al Husain','2021-01-27','16:00:00','01:00:00',NULL,NULL),(383453437,3506052811010001,'Muchtar Al Husain','2021-01-28','16:00:00','01:00:00',NULL,NULL),(383453438,3506052811010001,'Muchtar Al Husain','2021-01-29','16:00:00','01:00:00',NULL,NULL),(383453439,3506052811010001,'Muchtar Al Husain','2021-01-30','16:00:00','01:00:00',NULL,NULL),(383453440,3506052811010001,'Muchtar Al Husain','2021-01-31','16:00:00','01:00:00',NULL,NULL),(383453441,3506052811010001,'Muchtar Al Husain','2021-03-01','16:00:00','01:00:00',NULL,NULL),(383453442,3506052811010001,'Muchtar Al Husain','2021-03-02','16:00:00','01:00:00',NULL,NULL),(383453443,3506052811010001,'Muchtar Al Husain','2021-03-03','16:00:00','01:00:00',NULL,NULL),(383453444,3506052811010001,'Muchtar Al Husain','2021-03-04','16:00:00','01:00:00',NULL,NULL),(383453445,3506052811010001,'Muchtar Al Husain','2021-03-05','16:00:00','01:00:00',NULL,NULL),(383453446,3506052811010001,'Muchtar Al Husain','2021-03-06','16:00:00','01:00:00',NULL,NULL),(383453447,3506052811010001,'Muchtar Al Husain','2021-03-07','16:00:00','01:00:00',NULL,NULL),(383453448,3506052811010001,'Muchtar Al Husain','2021-03-08','16:00:00','01:00:00',NULL,NULL),(383453449,3506052811010001,'Muchtar Al Husain','2021-03-09','16:00:00','01:00:00',NULL,NULL),(383453450,3506052811010001,'Muchtar Al Husain','2021-03-10','16:00:00','01:00:00',NULL,NULL),(383453451,3506052811010001,'Muchtar Al Husain','2021-03-11','16:00:00','01:00:00',NULL,NULL),(383453452,3506052811010001,'Muchtar Al Husain','2021-03-12','16:00:00','01:00:00',NULL,NULL),(383453453,3506052811010001,'Muchtar Al Husain','2021-03-13','16:00:00','01:00:00',NULL,NULL),(383453454,3506052811010001,'Muchtar Al Husain','2021-03-14','16:00:00','01:00:00',NULL,NULL),(383453455,3506052811010001,'Muchtar Al Husain','2021-03-15','16:00:00','01:00:00',NULL,NULL),(383453456,3506052811010001,'Muchtar Al Husain','2021-03-16','16:00:00','01:00:00',NULL,NULL),(383453457,3506052811010001,'Muchtar Al Husain','2021-03-17','16:00:00','01:00:00',NULL,NULL),(383453458,3506052811010001,'Muchtar Al Husain','2021-03-18','16:00:00','01:00:00',NULL,NULL),(383453459,3506052811010001,'Muchtar Al Husain','2021-03-19','16:00:00','01:00:00',NULL,NULL),(383453460,3506052811010001,'Muchtar Al Husain','2021-03-20','16:00:00','01:00:00',NULL,NULL),(383453461,3506052811010001,'Muchtar Al Husain','2021-03-21','16:00:00','01:00:00',NULL,NULL),(383453462,3506052811010001,'Muchtar Al Husain','2021-03-22','16:00:00','01:00:00',NULL,NULL),(383453463,3506052811010001,'Muchtar Al Husain','2021-03-23','16:00:00','01:00:00',NULL,NULL),(383453464,3506052811010001,'Muchtar Al Husain','2021-03-24','16:00:00','01:00:00',NULL,NULL),(383453465,3506052811010001,'Muchtar Al Husain','2021-03-25','16:00:00','01:00:00',NULL,NULL),(383453466,3506052811010001,'Muchtar Al Husain','2021-03-26','16:00:00','01:00:00',NULL,NULL),(383453467,3506052811010001,'Muchtar Al Husain','2021-03-27','16:00:00','01:00:00',NULL,NULL),(383453468,3506052811010001,'Muchtar Al Husain','2021-03-28','16:00:00','01:00:00',NULL,NULL),(383453469,3506052811010001,'Muchtar Al Husain','2021-03-29','16:00:00','01:00:00',NULL,NULL),(383453470,3506052811010001,'Muchtar Al Husain','2021-03-30','16:00:00','01:00:00',NULL,NULL),(383453471,3506052811010001,'Muchtar Al Husain','2021-03-31','16:00:00','01:00:00',NULL,NULL),(383453472,3506052811010001,'Muchtar Al Husain','2021-02-01','16:00:00','01:00:00',NULL,NULL),(383453473,3506052811010001,'Muchtar Al Husain','2021-02-02','16:00:00','01:00:00',NULL,NULL),(383453474,3506052811010001,'Muchtar Al Husain','2021-02-03','16:00:00','01:00:00',NULL,NULL),(383453475,3506052811010001,'Muchtar Al Husain','2021-02-04','16:00:00','01:00:00',NULL,NULL),(383453476,3506052811010001,'Muchtar Al Husain','2021-02-05','16:00:00','01:00:00',NULL,NULL),(383453477,3506052811010001,'Muchtar Al Husain','2021-02-06','16:00:00','01:00:00',NULL,NULL),(383453478,3506052811010001,'Muchtar Al Husain','2021-02-08','16:00:00','01:00:00',NULL,NULL),(383453479,3506052811010001,'Muchtar Al Husain','2021-02-09','16:00:00','01:00:00',NULL,NULL),(383453480,3506052811010001,'Muchtar Al Husain','2021-02-10','16:00:00','01:00:00',NULL,NULL),(383453481,3506052811010001,'Muchtar Al Husain','2021-02-11','16:00:00','01:00:00',NULL,NULL),(383453482,3506052811010001,'Muchtar Al Husain','2021-02-12','16:00:00','01:00:00',NULL,NULL),(383453483,3506052811010001,'Muchtar Al Husain','2021-02-13','16:00:00','01:00:00',NULL,NULL),(383453484,3506052811010001,'Muchtar Al Husain','2021-02-14','16:00:00','01:00:00',NULL,NULL),(383453485,3506052811010001,'Muchtar Al Husain','2021-02-15','16:00:00','01:00:00',NULL,NULL),(383453486,3506052811010001,'Muchtar Al Husain','2021-02-16','16:00:00','01:00:00',NULL,NULL),(383453487,3506052811010001,'Muchtar Al Husain','2021-02-17','16:00:00','01:00:00',NULL,NULL),(383453488,3506052811010001,'Muchtar Al Husain','2021-02-18','16:00:00','01:00:00',NULL,NULL),(383453489,3506052811010001,'Muchtar Al Husain','2021-02-19','16:00:00','01:00:00',NULL,NULL),(383453490,3506052811010001,'Muchtar Al Husain','2021-02-20','16:00:00','01:00:00',NULL,NULL),(383453491,3506052811010001,'Muchtar Al Husain','2021-02-22','16:00:00','01:00:00',NULL,NULL),(383453492,3506052811010001,'Muchtar Al Husain','2021-02-23','16:00:00','01:00:00',NULL,NULL),(383453493,3506052811010001,'Muchtar Al Husain','2021-02-24','16:00:00','01:00:00',NULL,NULL),(383453494,3506052811010001,'Muchtar Al Husain','2021-02-25','16:00:00','01:00:00',NULL,NULL),(383453495,3506052811010001,'Muchtar Al Husain','2021-02-26','16:00:00','01:00:00',NULL,NULL),(383453496,3506052811010001,'Muchtar Al Husain','2021-02-27','16:00:00','01:00:00',NULL,NULL),(383453497,3506052811010001,'Muchtar Al Husain','2021-02-28','16:04:20','01:00:00',NULL,NULL),(383453498,3506052811010001,'Muchtar Al Husain','2021-04-01','16:00:00','01:00:00',NULL,NULL),(383453499,3506052811010001,'Muchtar Al Husain','2021-04-02','16:00:00','01:00:00',NULL,NULL),(383453500,3506052811010001,'Muchtar Al Husain','2021-04-03','16:00:00','01:00:00',NULL,NULL),(383453501,3506052811010001,'Muchtar Al Husain','2021-04-04','16:00:00','01:00:00',NULL,NULL),(383453502,3506052811010001,'Muchtar Al Husain','2021-04-05','16:00:00','01:00:00',NULL,NULL),(383453503,3506052811010001,'Muchtar Al Husain','2021-04-06','16:00:00','01:00:00',NULL,NULL),(383453504,3506052811010001,'Muchtar Al Husain','2021-04-07','16:00:00','01:00:00',NULL,NULL),(383453505,3506052811010001,'Muchtar Al Husain','2021-04-08','16:00:00','01:00:00',NULL,NULL),(383453506,3506052811010001,'Muchtar Al Husain','2021-04-09','16:00:00','01:00:00',NULL,NULL),(383453507,3506052811010001,'Muchtar Al Husain','2021-04-10','16:00:00','01:00:00',NULL,NULL),(383453508,3506052811010001,'Muchtar Al Husain','2021-04-11','16:00:00','01:00:00',NULL,NULL),(383453509,3506052811010001,'Muchtar Al Husain','2021-04-12','16:00:00','01:00:00',NULL,NULL),(383453510,3506052811010001,'Muchtar Al Husain','2021-04-13','16:00:00','01:00:00',NULL,NULL),(383453511,3506052811010001,'Muchtar Al Husain','2021-04-15','16:00:00','01:00:00',NULL,NULL),(383453512,3506052811010001,'Muchtar Al Husain','2021-04-16','16:00:00','01:00:00',NULL,NULL),(383453513,3506052811010001,'Muchtar Al Husain','2021-04-17','16:00:00','01:00:00',NULL,NULL),(383453514,3506052811010001,'Muchtar Al Husain','2021-04-18','16:00:00','01:00:00',NULL,NULL),(383453515,3506052811010001,'Muchtar Al Husain','2021-04-19','16:00:00','01:00:00',NULL,NULL),(383453516,3506052811010001,'Muchtar Al Husain','2021-04-20','16:00:00','01:00:00',NULL,NULL),(383453517,3506052811010001,'Muchtar Al Husain','2021-04-21','16:00:00','01:00:00',NULL,NULL),(383453518,3506052811010001,'Muchtar Al Husain','2021-04-22','16:00:00','01:00:00',NULL,NULL),(383453519,3506052811010001,'Muchtar Al Husain','2021-04-23','16:00:00','01:00:00',NULL,NULL),(383453520,3506052811010001,'Muchtar Al Husain','2021-04-24','16:00:00','01:00:00',NULL,NULL),(383453521,3506052811010001,'Muchtar Al Husain','2021-04-25','16:00:00','01:00:00',NULL,NULL),(383453522,3506052811010001,'Muchtar Al Husain','2021-04-26','16:00:00','01:00:00',NULL,NULL),(383453523,3506052811010001,'Muchtar Al Husain','2021-04-27','16:00:00','01:00:00',NULL,NULL),(383453524,3506052811010001,'Muchtar Al Husain','2021-04-29','16:00:00','01:00:00',NULL,NULL),(383453525,3506052811010001,'Muchtar Al Husain','2021-04-30','16:00:00','01:00:00',NULL,NULL),(383453588,3506052811010001,'Muchtar Al Husain','2021-05-01','16:00:00','01:00:00',NULL,NULL),(383453589,3506052811010001,'Muchtar Al Husain','2021-05-02','16:00:00','01:00:00',NULL,NULL),(383453590,3506052811010001,'Muchtar Al Husain','2021-05-03','16:00:00','01:00:00',NULL,NULL),(383453591,3506052811010001,'Muchtar Al Husain','2021-05-04','16:00:00','01:00:00',NULL,NULL),(383453592,3506052811010001,'Muchtar Al Husain','2021-05-05','16:00:00','01:00:00',NULL,NULL),(383453593,3506052811010001,'Muchtar Al Husain','2021-05-06','16:00:00','01:00:00',NULL,NULL),(383453594,3506052811010001,'Muchtar Al Husain','2021-05-07','16:00:00','01:00:00',NULL,NULL),(383453595,3506052811010001,'Muchtar Al Husain','2021-05-08','16:00:00','01:00:00',NULL,NULL),(383453596,3506052811010001,'Muchtar Al Husain','2021-05-09','16:00:00','01:00:00',NULL,NULL),(383453597,3506052811010001,'Muchtar Al Husain','2021-05-10','16:00:00','01:00:00',NULL,NULL),(383453598,3506052811010001,'Muchtar Al Husain','2021-05-11','16:00:00','01:00:00',NULL,NULL),(383453599,3506052811010001,'Muchtar Al Husain','2021-05-12','16:00:00','01:00:00',NULL,NULL),(383453600,3506052811010001,'Muchtar Al Husain','2021-05-15','16:00:00','01:00:00',NULL,NULL),(383453601,3506052811010001,'Muchtar Al Husain','2021-05-16','16:00:00','01:00:00',NULL,NULL),(383453602,3506052811010001,'Muchtar Al Husain','2021-05-17','16:00:00','01:00:00',NULL,NULL),(383453603,3506052811010001,'Muchtar Al Husain','2021-05-18','16:00:00','01:00:00',NULL,NULL),(383453604,3506052811010001,'Muchtar Al Husain','2021-05-19','16:00:00','01:00:00',NULL,NULL),(383453605,3506052811010001,'Muchtar Al Husain','2021-05-20','16:00:00','01:00:00',NULL,NULL),(383453606,3506052811010001,'Muchtar Al Husain','2021-05-21','16:00:00','01:00:00',NULL,NULL),(383453607,3506052811010001,'Muchtar Al Husain','2021-05-22','16:00:00','01:00:00',NULL,NULL),(383453608,3506052811010001,'Muchtar Al Husain','2021-05-23','16:00:00','01:00:00',NULL,NULL),(383453609,3506052811010001,'Muchtar Al Husain','2021-05-24','16:00:00','01:00:00',NULL,NULL),(383453610,3506052811010001,'Muchtar Al Husain','2021-05-25','16:00:00','01:00:00',NULL,NULL),(383453611,3506052811010001,'Muchtar Al Husain','2021-05-26','16:00:00','01:00:00',NULL,NULL),(383453612,3506052811010001,'Muchtar Al Husain','2021-05-27','16:00:00','01:00:00',NULL,NULL),(383453613,3506052811010001,'Muchtar Al Husain','2021-05-28','16:00:00','01:00:00',NULL,NULL),(383453614,3506052811010001,'Muchtar Al Husain','2021-05-29','16:00:00','01:00:00',NULL,NULL),(383453615,3506052811010001,'Muchtar Al Husain','2021-05-30','16:00:00','01:00:00',NULL,NULL),(383453616,3506052811010001,'Muchtar Al Husain','2021-05-31','16:00:00','01:00:00',NULL,NULL),(383453707,3506265806910002,'Bella Lizawana','2021-05-01','16:00:00','01:00:00',NULL,NULL),(383453708,3506265806910002,'Bella Lizawana','2021-05-02','16:00:00','01:00:00',NULL,NULL),(383453709,3506265806910002,'Bella Lizawana','2021-05-03','16:00:00','01:00:00',NULL,NULL),(383453710,3506265806910002,'Bella Lizawana','2021-05-04','16:00:00','01:00:00',NULL,NULL),(383453711,3506265806910002,'Bella Lizawana','2021-05-05','16:00:00','01:00:00',NULL,NULL),(383453712,3506265806910002,'Bella Lizawana','2021-05-06','16:00:00','01:00:00',NULL,NULL),(383453713,3506265806910002,'Bella Lizawana','2021-05-07','16:00:00','01:00:00',NULL,NULL),(383453714,3506265806910002,'Bella Lizawana','2021-05-08','16:00:00','01:00:00',NULL,NULL),(383453715,3506265806910002,'Bella Lizawana','2021-05-09','16:00:00','01:00:00',NULL,NULL),(383453716,3506265806910002,'Bella Lizawana','2021-05-10','16:00:00','01:00:00',NULL,NULL),(383453717,3506265806910002,'Bella Lizawana','2021-05-11','16:00:00','01:00:00',NULL,NULL),(383453718,3506265806910002,'Bella Lizawana','2021-05-12','16:00:00','01:00:00',NULL,NULL),(383453719,3506265806910002,'Bella Lizawana','2021-05-15','16:00:00','01:00:00',NULL,NULL),(383453720,3506265806910002,'Bella Lizawana','2021-05-16','16:00:00','01:00:00',NULL,NULL),(383453721,3506265806910002,'Bella Lizawana','2021-05-17','16:00:00','01:00:00',NULL,NULL),(383453722,3506265806910002,'Bella Lizawana','2021-05-18','16:00:00','01:00:00',NULL,NULL),(383453723,3506265806910002,'Bella Lizawana','2021-05-19','16:00:00','01:00:00',NULL,NULL),(383453724,3506265806910002,'Bella Lizawana','2021-05-20','16:00:00','01:00:00',NULL,NULL),(383453725,3506265806910002,'Bella Lizawana','2021-05-21','16:00:00','01:00:00',NULL,NULL),(383453726,3506265806910002,'Bella Lizawana','2021-05-22','16:00:00','01:00:00',NULL,NULL),(383453727,3506265806910002,'Bella Lizawana','2021-05-23','16:00:00','01:00:00',NULL,NULL),(383453728,3506265806910002,'Bella Lizawana','2021-05-24','16:00:00','01:00:00',NULL,NULL),(383453729,3506265806910002,'Bella Lizawana','2021-05-25','16:00:00','01:00:00',NULL,NULL),(383453730,3506265806910002,'Bella Lizawana','2021-05-26','16:00:00','01:00:00',NULL,NULL),(383453731,3506265806910002,'Bella Lizawana','2021-05-27','16:00:00','01:00:00',NULL,NULL),(383453732,3506265806910002,'Bella Lizawana','2021-05-28','16:00:00','01:00:00',NULL,NULL),(383453733,3506265806910002,'Bella Lizawana','2021-05-29','16:00:00','01:00:00',NULL,NULL),(383453734,3506265806910002,'Bella Lizawana','2021-05-30','16:00:00','01:00:00',NULL,NULL),(383453735,3506265806910002,'Bella Lizawana','2021-05-31','16:00:00','01:00:00',NULL,NULL),(383453736,3506052505970006,'Bambang Sugianto','2021-03-18','16:00:00','01:00:00',NULL,NULL),(383453738,3506265806910002,'Bella Lizawana','2021-02-01','16:00:00','01:00:00',NULL,NULL),(383453739,3506265806910002,'Bella Lizawana','2021-02-02','16:12:00','01:00:00',NULL,NULL),(383453740,3506265806910002,'Bella Lizawana','2021-02-03','16:00:00','01:00:00',NULL,NULL),(383453741,3506265806910002,'Bella Lizawana','2021-02-04','16:00:00','01:00:00',NULL,NULL),(383453742,3506265806910002,'Bella Lizawana','2021-02-05','16:00:00','01:00:00',NULL,NULL),(383453743,3506265806910002,'Bella Lizawana','2021-02-06','16:00:00','01:00:00',NULL,NULL),(383453744,3506265806910002,'Bella Lizawana','2021-02-08','16:00:00','01:00:00',NULL,NULL),(383453745,3506265806910002,'Bella Lizawana','2021-02-09','16:00:00','01:00:00',NULL,NULL),(383453746,3506265806910002,'Bella Lizawana','2021-02-10','16:00:00','01:00:00',NULL,NULL),(383453747,3506265806910002,'Bella Lizawana','2021-02-11','16:00:00','01:00:00',NULL,NULL),(383453748,3506265806910002,'Bella Lizawana','2021-02-12','16:00:00','01:00:00',NULL,NULL),(383453749,3506265806910002,'Bella Lizawana','2021-02-13','16:00:00','01:00:00',NULL,NULL),(383453750,3506265806910002,'Bella Lizawana','2021-02-14','16:00:00','01:00:00',NULL,NULL),(383453751,3506265806910002,'Bella Lizawana','2021-02-15','16:00:00','01:00:00',NULL,NULL),(383453752,3506265806910002,'Bella Lizawana','2021-02-16','16:00:00','01:00:00',NULL,NULL),(383453753,3506265806910002,'Bella Lizawana','2021-02-17','16:00:00','01:00:00',NULL,NULL),(383453754,3506265806910002,'Bella Lizawana','2021-02-18','16:00:00','01:00:00',NULL,NULL),(383453755,3506265806910002,'Bella Lizawana','2021-02-19','16:00:00','01:00:00',NULL,NULL),(383453756,3506265806910002,'Bella Lizawana','2021-02-20','16:00:00','01:00:00',NULL,NULL),(383453757,3506265806910002,'Bella Lizawana','2021-02-22','16:02:30','01:00:00',NULL,NULL),(383453758,3506265806910002,'Bella Lizawana','2021-02-23','16:00:00','01:00:00',NULL,NULL),(383453759,3506265806910002,'Bella Lizawana','2021-02-24','16:00:00','01:00:00',NULL,NULL),(383453760,3506265806910002,'Bella Lizawana','2021-02-25','16:00:00','01:00:00',NULL,NULL),(383453761,3506265806910002,'Bella Lizawana','2021-02-26','16:00:00','01:00:00',NULL,NULL),(383453762,3506265806910002,'Bella Lizawana','2021-02-27','16:00:00','01:00:00',NULL,NULL),(383453763,3506265806910002,'Bella Lizawana','2021-02-28','16:00:00','01:00:00',NULL,NULL),(383453764,3506265806910002,'Bella Lizawana','2021-03-01','16:00:00','01:00:00',NULL,NULL),(383453765,3506265806910002,'Bella Lizawana','2021-03-02','16:00:00','01:00:00',NULL,NULL),(383453766,3506265806910002,'Bella Lizawana','2021-03-03','16:00:00','01:00:00',NULL,NULL),(383453767,3506265806910002,'Bella Lizawana','2021-03-04','16:00:00','01:00:00',NULL,NULL),(383453768,3506265806910002,'Bella Lizawana','2021-03-05','16:00:00','01:00:00',NULL,NULL),(383453769,3506265806910002,'Bella Lizawana','2021-03-06','16:00:00','01:00:00',NULL,NULL),(383453770,3506265806910002,'Bella Lizawana','2021-03-07','16:00:00','01:00:00',NULL,NULL),(383453771,3506265806910002,'Bella Lizawana','2021-03-08','16:00:00','01:00:00',NULL,NULL),(383453772,3506265806910002,'Bella Lizawana','2021-03-09','16:00:00','01:00:00',NULL,NULL),(383453773,3506265806910002,'Bella Lizawana','2021-03-10','16:00:00','01:00:00',NULL,NULL),(383453774,3506265806910002,'Bella Lizawana','2021-03-11','16:00:00','01:00:00',NULL,NULL),(383453775,3506265806910002,'Bella Lizawana','2021-03-12','16:00:00','01:00:00',NULL,NULL),(383453776,3506265806910002,'Bella Lizawana','2021-03-13','16:00:00','01:00:00',NULL,NULL),(383453777,3506265806910002,'Bella Lizawana','2021-03-14','16:00:00','01:00:00',NULL,NULL),(383453778,3506265806910002,'Bella Lizawana','2021-03-15','16:00:00','01:00:00',NULL,NULL),(383453779,3506265806910002,'Bella Lizawana','2021-03-16','16:00:00','01:00:00',NULL,NULL),(383453780,3506265806910002,'Bella Lizawana','2021-03-17','16:00:00','01:00:00',NULL,NULL),(383453781,3506265806910002,'Bella Lizawana','2021-03-18','16:00:00','01:00:00',NULL,NULL),(383453782,3506265806910002,'Bella Lizawana','2021-03-19','16:00:00','01:00:00',NULL,NULL),(383453783,3506265806910002,'Bella Lizawana','2021-03-20','16:00:00','01:00:00',NULL,NULL),(383453784,3506265806910002,'Bella Lizawana','2021-03-21','16:00:00','01:00:00',NULL,NULL),(383453785,3506265806910002,'Bella Lizawana','2021-03-22','16:00:00','01:00:00',NULL,NULL),(383453786,3506265806910002,'Bella Lizawana','2021-03-23','16:00:00','01:00:00',NULL,NULL),(383453787,3506265806910002,'Bella Lizawana','2021-03-24','16:00:00','01:00:00',NULL,NULL),(383453788,3506265806910002,'Bella Lizawana','2021-03-25','16:00:00','01:00:00',NULL,NULL),(383453789,3506265806910002,'Bella Lizawana','2021-03-26','16:00:00','01:00:00',NULL,NULL),(383453790,3506265806910002,'Bella Lizawana','2021-03-27','16:00:00','01:00:00',NULL,NULL),(383453791,3506265806910002,'Bella Lizawana','2021-03-28','16:00:00','01:00:00',NULL,NULL),(383453792,3506265806910002,'Bella Lizawana','2021-03-29','16:00:00','01:00:00',NULL,NULL),(383453793,3506265806910002,'Bella Lizawana','2021-03-30','16:00:00','01:00:00',NULL,NULL),(383453794,3506265806910002,'Bella Lizawana','2021-03-31','16:00:00','01:00:00',NULL,NULL),(383453795,3506265806910002,'Bella Lizawana','2021-04-01','16:00:00','01:00:00',NULL,NULL),(383453796,3506265806910002,'Bella Lizawana','2021-04-02','16:00:00','01:00:00',NULL,NULL),(383453797,3506265806910002,'Bella Lizawana','2021-04-03','16:00:00','01:00:00',NULL,NULL),(383453798,3506265806910002,'Bella Lizawana','2021-04-04','16:00:00','01:00:00',NULL,NULL),(383453799,3506265806910002,'Bella Lizawana','2021-04-05','16:00:00','01:00:00',NULL,NULL),(383453800,3506265806910002,'Bella Lizawana','2021-04-06','16:00:00','01:00:00',NULL,NULL),(383453801,3506265806910002,'Bella Lizawana','2021-04-07','16:00:00','01:00:00',NULL,NULL),(383453802,3506265806910002,'Bella Lizawana','2021-04-08','16:00:00','01:00:00',NULL,NULL),(383453803,3506265806910002,'Bella Lizawana','2021-04-09','16:00:00','01:00:00',NULL,NULL),(383453804,3506265806910002,'Bella Lizawana','2021-04-10','16:00:00','01:00:00',NULL,NULL),(383453805,3506265806910002,'Bella Lizawana','2021-04-11','16:00:00','01:00:00',NULL,NULL),(383453806,3506265806910002,'Bella Lizawana','2021-04-12','16:00:00','01:00:00',NULL,NULL),(383453807,3506265806910002,'Bella Lizawana','2021-04-13','16:00:00','01:00:00',NULL,NULL),(383453808,3506265806910002,'Bella Lizawana','2021-04-14','16:00:00','01:00:00',NULL,NULL),(383453809,3506265806910002,'Bella Lizawana','2021-04-15','16:00:00','01:00:00',NULL,NULL),(383453810,3506265806910002,'Bella Lizawana','2021-04-16','16:00:00','01:00:00',NULL,NULL),(383453811,3506265806910002,'Bella Lizawana','2021-04-17','16:00:00','01:00:00',NULL,NULL),(383453812,3506265806910002,'Bella Lizawana','2021-04-18','16:00:00','01:00:00',NULL,NULL),(383453813,3506265806910002,'Bella Lizawana','2021-04-19','16:00:00','01:00:00',NULL,NULL),(383453814,3506265806910002,'Bella Lizawana','2021-04-20','16:00:00','01:00:00',NULL,NULL),(383453815,3506265806910002,'Bella Lizawana','2021-04-21','16:00:00','01:00:00',NULL,NULL),(383453816,3506265806910002,'Bella Lizawana','2021-04-22','16:00:00','01:00:00',NULL,NULL),(383453817,3506265806910002,'Bella Lizawana','2021-04-23','16:10:05','01:00:00',NULL,NULL),(383453818,3506265806910002,'Bella Lizawana','2021-04-24','16:00:00','01:00:00',NULL,NULL),(383453819,3506265806910002,'Bella Lizawana','2021-04-25','16:00:00','01:00:00',NULL,NULL),(383453820,3506265806910002,'Bella Lizawana','2021-04-26','16:00:00','01:00:00',NULL,NULL),(383453821,3506265806910002,'Bella Lizawana','2021-04-27','16:03:00','01:00:00',NULL,NULL),(383453822,3506265806910002,'Bella Lizawana','2021-04-28','16:00:00','01:00:00',NULL,NULL),(383453823,3506265806910002,'Bella Lizawana','2021-04-29','16:00:00','01:00:00',NULL,NULL),(383453824,3506265806910002,'Bella Lizawana','2021-04-30','16:00:00','01:00:00',NULL,NULL),(383453825,3506265806910002,'Bella Lizawana','2021-01-01','16:00:00','01:00:00',NULL,NULL),(383453826,3506265806910002,'Bella Lizawana','2021-01-02','16:00:00','01:00:00',NULL,NULL),(383453827,3506265806910002,'Bella Lizawana','2021-01-04','16:00:00','01:00:00',NULL,NULL),(383453828,3506265806910002,'Bella Lizawana','2021-01-05','16:00:00','01:00:00',NULL,NULL),(383453829,3506265806910002,'Bella Lizawana','2021-01-06','16:00:00','01:00:00',NULL,NULL),(383453830,3506265806910002,'Bella Lizawana','2021-01-07','16:00:00','01:00:00',NULL,NULL),(383453831,3506265806910002,'Bella Lizawana','2021-01-08','16:00:00','01:00:00',NULL,NULL),(383453832,3506265806910002,'Bella Lizawana','2021-01-09','16:00:00','01:00:00',NULL,NULL),(383453833,3506265806910002,'Bella Lizawana','2021-01-10','16:00:00','01:00:00',NULL,NULL),(383453834,3506265806910002,'Bella Lizawana','2021-01-11','16:00:00','01:00:00',NULL,NULL),(383453835,3506265806910002,'Bella Lizawana','2021-01-12','16:00:00','01:00:00',NULL,NULL),(383453836,3506265806910002,'Bella Lizawana','2021-01-13','16:00:00','01:00:00',NULL,NULL),(383453837,3506265806910002,'Bella Lizawana','2021-01-14','16:00:00','01:00:00',NULL,NULL),(383453838,3506265806910002,'Bella Lizawana','2021-01-15','16:00:00','01:00:00',NULL,NULL),(383453839,3506265806910002,'Bella Lizawana','2021-01-16','16:00:00','01:00:00',NULL,NULL),(383453840,3506265806910002,'Bella Lizawana','2021-01-17','16:00:00','01:00:00',NULL,NULL),(383453841,3506265806910002,'Bella Lizawana','2021-01-18','16:00:00','01:00:00',NULL,NULL),(383453842,3506265806910002,'Bella Lizawana','2021-01-19','16:00:00','01:00:00',NULL,NULL),(383453843,3506265806910002,'Bella Lizawana','2021-01-20','16:00:00','01:00:00',NULL,NULL),(383453844,3506265806910002,'Bella Lizawana','2021-01-21','16:00:00','01:00:00',NULL,NULL),(383453845,3506265806910002,'Bella Lizawana','2021-01-22','16:00:00','01:00:00',NULL,NULL),(383453846,3506265806910002,'Bella Lizawana','2021-01-23','16:00:00','01:00:00',NULL,NULL),(383453847,3506265806910002,'Bella Lizawana','2021-01-24','16:00:00','01:00:00',NULL,NULL),(383453848,3506265806910002,'Bella Lizawana','2021-01-25','16:00:00','01:00:00',NULL,NULL),(383453849,3506265806910002,'Bella Lizawana','2021-01-26','16:00:00','01:00:00',NULL,NULL),(383453850,3506265806910002,'Bella Lizawana','2021-01-27','16:00:00','01:00:00',NULL,NULL),(383453851,3506265806910002,'Bella Lizawana','2021-01-28','16:00:00','01:00:00',NULL,NULL),(383453852,3506265806910002,'Bella Lizawana','2021-01-29','16:00:00','01:00:00',NULL,NULL),(383453853,3506265806910002,'Bella Lizawana','2021-01-30','16:00:00','01:00:00',NULL,NULL),(383453854,3506262909960002,'Danang Ragil Pamungkas','2021-01-01','16:00:00','01:00:00',NULL,NULL),(383453855,3506262909960002,'Danang Ragil Pamungkas','2021-01-02','16:00:00','01:00:00',NULL,NULL),(383453856,3506262909960002,'Danang Ragil Pamungkas','2021-01-03','16:00:00','01:00:00',NULL,NULL),(383453857,3506262909960002,'Danang Ragil Pamungkas','2021-01-04','16:00:00','01:00:00',NULL,NULL),(383453858,3506262909960002,'Danang Ragil Pamungkas','2021-01-05','16:00:00','01:00:00',NULL,NULL),(383453859,3506262909960002,'Danang Ragil Pamungkas','2021-01-06','16:00:00','01:00:00',NULL,NULL),(383453860,3506262909960002,'Danang Ragil Pamungkas','2021-01-07','16:00:00','01:00:00',NULL,NULL),(383453861,3506262909960002,'Danang Ragil Pamungkas','2021-01-08','16:00:00','01:00:00',NULL,NULL),(383453862,3506262909960002,'Danang Ragil Pamungkas','2021-01-09','16:00:00','01:00:00',NULL,NULL),(383453863,3506262909960002,'Danang Ragil Pamungkas','2021-01-10','16:00:00','01:00:00',NULL,NULL),(383453864,3506262909960002,'Danang Ragil Pamungkas','2021-01-11','16:00:00','01:00:00',NULL,NULL),(383453865,3506262909960002,'Danang Ragil Pamungkas','2021-01-12','16:00:00','01:00:00',NULL,NULL),(383453866,3506262909960002,'Danang Ragil Pamungkas','2021-01-13','16:00:00','01:00:00',NULL,NULL),(383453867,3506262909960002,'Danang Ragil Pamungkas','2021-01-14','16:00:00','01:00:00',NULL,NULL),(383453868,3506262909960002,'Danang Ragil Pamungkas','2021-01-15','16:00:00','01:00:00',NULL,NULL),(383453869,3506262909960002,'Danang Ragil Pamungkas','2021-01-16','16:00:00','01:00:00',NULL,NULL),(383453870,3506262909960002,'Danang Ragil Pamungkas','2021-01-17','16:00:00','01:00:00',NULL,NULL),(383453871,3506262909960002,'Danang Ragil Pamungkas','2021-01-18','16:00:00','01:00:00',NULL,NULL),(383453872,3506262909960002,'Danang Ragil Pamungkas','2021-01-19','16:00:00','01:00:00',NULL,NULL),(383453873,3506262909960002,'Danang Ragil Pamungkas','2021-01-20','16:10:10','01:00:00',NULL,NULL),(383453874,3506262909960002,'Danang Ragil Pamungkas','2021-01-21','16:00:00','01:00:00',NULL,NULL),(383453875,3506262909960002,'Danang Ragil Pamungkas','2021-01-22','16:00:00','01:00:00',NULL,NULL),(383453876,3506262909960002,'Danang Ragil Pamungkas','2021-01-23','16:00:00','01:00:00',NULL,NULL),(383453877,3506262909960002,'Danang Ragil Pamungkas','2021-01-24','16:00:00','01:00:00',NULL,NULL),(383453878,3506262909960002,'Danang Ragil Pamungkas','2021-01-25','16:00:00','01:00:00',NULL,NULL),(383453879,3506262909960002,'Danang Ragil Pamungkas','2021-01-26','16:00:00','01:00:00',NULL,NULL),(383453880,3506262909960002,'Danang Ragil Pamungkas','2021-01-27','16:00:00','01:00:00',NULL,NULL),(383453881,3506262909960002,'Danang Ragil Pamungkas','2021-01-28','16:00:00','01:00:00',NULL,NULL),(383453882,3506262909960002,'Danang Ragil Pamungkas','2021-01-29','16:00:00','01:00:00',NULL,NULL),(383453883,3506262909960002,'Danang Ragil Pamungkas','2021-01-30','16:00:00','01:00:00',NULL,NULL),(383453884,3506262909960002,'Danang Ragil Pamungkas','2021-01-31','16:00:00','01:00:00',NULL,NULL),(383453885,3506262909960002,'Danang Ragil Pamungkas','2021-04-01','16:00:00','01:00:00',NULL,NULL),(383453886,3506262909960002,'Danang Ragil Pamungkas','2021-04-02','16:00:00','01:00:00',NULL,NULL),(383453887,3506262909960002,'Danang Ragil Pamungkas','2021-04-03','16:00:00','01:00:00',NULL,NULL),(383453888,3506262909960002,'Danang Ragil Pamungkas','2021-04-04','16:00:00','01:00:00',NULL,NULL),(383453889,3506262909960002,'Danang Ragil Pamungkas','2021-04-05','16:00:00','01:00:00',NULL,NULL),(383453890,3506262909960002,'Danang Ragil Pamungkas','2021-04-06','16:00:00','01:00:00',NULL,NULL),(383453891,3506262909960002,'Danang Ragil Pamungkas','2021-04-07','16:00:00','01:00:00',NULL,NULL),(383453892,3506262909960002,'Danang Ragil Pamungkas','2021-04-08','16:00:00','01:00:00',NULL,NULL),(383453893,3506262909960002,'Danang Ragil Pamungkas','2021-04-09','16:00:00','01:00:00',NULL,NULL),(383453894,3506262909960002,'Danang Ragil Pamungkas','2021-04-10','16:00:00','01:00:00',NULL,NULL),(383453895,3506262909960002,'Danang Ragil Pamungkas','2021-04-11','16:00:00','01:00:00',NULL,NULL),(383453896,3506262909960002,'Danang Ragil Pamungkas','2021-04-12','16:00:00','01:00:00',NULL,NULL),(383453897,3506262909960002,'Danang Ragil Pamungkas','2021-04-13','16:00:00','01:00:00',NULL,NULL),(383453898,3506262909960002,'Danang Ragil Pamungkas','2021-04-14','16:00:00','01:00:00',NULL,NULL),(383453899,3506262909960002,'Danang Ragil Pamungkas','2021-04-15','16:00:00','01:00:00',NULL,NULL),(383453900,3506262909960002,'Danang Ragil Pamungkas','2021-04-16','16:10:04','01:00:00',NULL,NULL),(383453901,3506262909960002,'Danang Ragil Pamungkas','2021-04-17','16:00:00','01:00:00',NULL,NULL),(383453902,3506262909960002,'Danang Ragil Pamungkas','2021-04-18','16:00:00','01:00:00',NULL,NULL),(383453903,3506262909960002,'Danang Ragil Pamungkas','2021-04-19','16:00:00','01:00:00',NULL,NULL),(383453904,3506262909960002,'Danang Ragil Pamungkas','2021-04-20','16:00:00','01:00:00',NULL,NULL),(383453905,3506262909960002,'Danang Ragil Pamungkas','2021-04-21','16:00:00','01:00:00',NULL,NULL),(383453906,3506262909960002,'Danang Ragil Pamungkas','2021-04-22','16:00:00','01:00:00',NULL,NULL),(383453907,3506262909960002,'Danang Ragil Pamungkas','2021-04-23','16:00:00','01:00:00',NULL,NULL),(383453908,3506262909960002,'Danang Ragil Pamungkas','2021-04-24','16:00:00','01:00:00',NULL,NULL),(383453909,3506262909960002,'Danang Ragil Pamungkas','2021-04-25','16:00:00','01:00:00',NULL,NULL),(383453910,3506262909960002,'Danang Ragil Pamungkas','2021-04-26','16:00:00','01:00:00',NULL,NULL),(383453911,3506262909960002,'Danang Ragil Pamungkas','2021-04-27','16:00:00','01:00:00',NULL,NULL),(383453912,3506262909960002,'Danang Ragil Pamungkas','2021-04-28','16:00:00','01:00:00',NULL,NULL),(383453913,3506262909960002,'Danang Ragil Pamungkas','2021-04-29','16:04:00','01:00:00',NULL,NULL),(383453914,3506262909960002,'Danang Ragil Pamungkas','2021-04-30','16:00:00','01:00:00',NULL,NULL),(383453915,3506262909960002,'Danang Ragil Pamungkas','2021-05-01','16:00:00','01:00:00',NULL,NULL),(383453916,3506262909960002,'Danang Ragil Pamungkas','2021-05-02','16:00:00','01:00:00',NULL,NULL),(383453917,3506262909960002,'Danang Ragil Pamungkas','2021-05-03','16:00:00','01:00:00',NULL,NULL),(383453918,3506262909960002,'Danang Ragil Pamungkas','2021-05-04','16:00:00','01:00:00',NULL,NULL),(383453919,3506262909960002,'Danang Ragil Pamungkas','2021-05-05','16:00:00','01:00:00',NULL,NULL),(383453920,3506262909960002,'Danang Ragil Pamungkas','2021-05-06','16:00:00','01:00:00',NULL,NULL),(383453921,3506262909960002,'Danang Ragil Pamungkas','2021-05-07','16:00:00','01:00:00',NULL,NULL),(383453922,3506262909960002,'Danang Ragil Pamungkas','2021-05-08','16:00:00','01:00:00',NULL,NULL),(383453923,3506262909960002,'Danang Ragil Pamungkas','2021-05-09','16:00:00','01:00:00',NULL,NULL),(383453924,3506262909960002,'Danang Ragil Pamungkas','2021-05-10','16:00:00','01:00:00',NULL,NULL),(383453925,3506262909960002,'Danang Ragil Pamungkas','2021-05-11','16:00:00','01:00:00',NULL,NULL),(383453926,3506262909960002,'Danang Ragil Pamungkas','2021-05-12','16:00:00','01:00:00',NULL,NULL),(383453927,3506262909960002,'Danang Ragil Pamungkas','2021-05-15','16:00:00','01:00:00',NULL,NULL),(383453928,3506262909960002,'Danang Ragil Pamungkas','2021-05-16','16:00:00','01:00:00',NULL,NULL),(383453929,3506262909960002,'Danang Ragil Pamungkas','2021-05-17','16:00:00','01:00:00',NULL,NULL),(383453930,3506262909960002,'Danang Ragil Pamungkas','2021-05-18','16:00:00','01:00:00',NULL,NULL),(383453931,3506262909960002,'Danang Ragil Pamungkas','2021-05-19','16:00:00','01:00:00',NULL,NULL),(383453932,3506262909960002,'Danang Ragil Pamungkas','2021-05-20','16:00:00','01:00:00',NULL,NULL),(383453933,3506262909960002,'Danang Ragil Pamungkas','2021-05-21','16:00:00','01:00:00',NULL,NULL),(383453934,3506262909960002,'Danang Ragil Pamungkas','2021-05-22','16:00:00','01:00:00',NULL,NULL),(383453935,3506262909960002,'Danang Ragil Pamungkas','2021-05-23','16:00:00','01:00:00',NULL,NULL),(383453936,3506262909960002,'Danang Ragil Pamungkas','2021-05-24','16:00:00','01:00:00',NULL,NULL),(383453937,3506262909960002,'Danang Ragil Pamungkas','2021-05-25','16:00:00','01:00:00',NULL,NULL),(383453938,3506262909960002,'Danang Ragil Pamungkas','2021-05-26','16:00:00','01:00:00',NULL,NULL),(383453939,3506262909960002,'Danang Ragil Pamungkas','2021-05-27','16:00:00','01:00:00',NULL,NULL),(383453940,3506262909960002,'Danang Ragil Pamungkas','2021-05-28','16:00:00','01:00:00',NULL,NULL),(383453941,3506262909960002,'Danang Ragil Pamungkas','2021-05-29','16:00:00','01:00:00',NULL,NULL),(383453942,3506262909960002,'Danang Ragil Pamungkas','2021-05-30','16:10:00','01:00:00',NULL,NULL),(383453943,3506262909960002,'Danang Ragil Pamungkas','2021-05-31','16:00:00','01:00:00',NULL,NULL),(383453944,3506262909960002,'Danang Ragil Pamungkas','2021-03-01','16:00:00','01:00:00',NULL,NULL),(383453945,3506262909960002,'Danang Ragil Pamungkas','2021-03-02','16:00:00','01:00:00',NULL,NULL),(383453946,3506262909960002,'Danang Ragil Pamungkas','2021-03-03','16:00:00','01:00:00',NULL,NULL),(383453947,3506262909960002,'Danang Ragil Pamungkas','2021-03-04','16:02:20','01:00:00',NULL,NULL),(383453948,3506262909960002,'Danang Ragil Pamungkas','2021-03-05','16:00:00','01:00:00',NULL,NULL),(383453949,3506262909960002,'Danang Ragil Pamungkas','2021-03-06','16:00:00','01:00:00',NULL,NULL),(383453950,3506262909960002,'Danang Ragil Pamungkas','2021-03-07','16:00:00','01:00:00',NULL,NULL),(383453951,3506262909960002,'Danang Ragil Pamungkas','2021-03-08','16:00:00','01:00:00',NULL,NULL),(383453952,3506262909960002,'Danang Ragil Pamungkas','2021-03-09','16:00:00','01:00:00',NULL,NULL),(383453953,3506262909960002,'Danang Ragil Pamungkas','2021-03-10','16:00:00','01:00:00',NULL,NULL),(383453954,3506262909960002,'Danang Ragil Pamungkas','2021-03-11','16:00:00','01:00:00',NULL,NULL),(383453955,3506262909960002,'Danang Ragil Pamungkas','2021-03-12','16:00:00','01:00:00',NULL,NULL),(383453956,3506262909960002,'Danang Ragil Pamungkas','2021-03-13','16:00:00','01:00:00',NULL,NULL),(383453957,3506262909960002,'Danang Ragil Pamungkas','2021-03-15','16:00:00','01:00:00',NULL,NULL),(383453958,3506262909960002,'Danang Ragil Pamungkas','2021-03-16','16:00:00','01:00:00',NULL,NULL),(383453959,3506262909960002,'Danang Ragil Pamungkas','2021-03-17','16:00:00','01:00:00',NULL,NULL),(383453960,3506262909960002,'Danang Ragil Pamungkas','2021-03-18','16:00:00','01:00:00',NULL,NULL),(383453961,3506262909960002,'Danang Ragil Pamungkas','2021-03-19','16:00:00','01:00:00',NULL,NULL),(383453962,3506262909960002,'Danang Ragil Pamungkas','2021-03-20','16:00:00','01:00:00',NULL,NULL),(383453963,3506262909960002,'Danang Ragil Pamungkas','2021-03-21','16:00:00','01:00:00',NULL,NULL),(383453964,3506262909960002,'Danang Ragil Pamungkas','2021-03-22','16:00:00','01:00:00',NULL,NULL),(383453965,3506262909960002,'Danang Ragil Pamungkas','2021-03-23','16:00:00','01:00:00',NULL,NULL),(383453966,3506262909960002,'Danang Ragil Pamungkas','2021-03-24','16:00:00','01:00:00',NULL,NULL),(383453967,3506262909960002,'Danang Ragil Pamungkas','2021-03-25','16:00:00','01:00:00',NULL,NULL),(383453968,3506262909960002,'Danang Ragil Pamungkas','2021-03-26','16:00:00','01:00:00',NULL,NULL),(383453969,3506262909960002,'Danang Ragil Pamungkas','2021-03-27','16:00:00','01:00:00',NULL,NULL),(383453970,3506262909960002,'Danang Ragil Pamungkas','2021-03-29','16:00:00','01:00:00',NULL,NULL),(383453971,3506262909960002,'Danang Ragil Pamungkas','2021-03-30','16:00:00','01:00:00',NULL,NULL),(383453972,3506262909960002,'Danang Ragil Pamungkas','2021-03-31','16:00:00','01:00:00',NULL,NULL),(383453973,3506262909960002,'Danang Ragil Pamungkas','2021-02-01','16:00:00','01:00:00',NULL,NULL),(383453974,3506262909960002,'Danang Ragil Pamungkas','2021-02-02','16:00:00','01:00:00',NULL,NULL),(383453975,3506262909960002,'Danang Ragil Pamungkas','2021-02-03','16:00:00','01:00:00',NULL,NULL),(383453976,3506262909960002,'Danang Ragil Pamungkas','2021-02-04','16:00:00','01:00:00',NULL,NULL),(383453977,3506262909960002,'Danang Ragil Pamungkas','2021-02-05','16:00:00','01:00:00',NULL,NULL),(383453978,3506262909960002,'Danang Ragil Pamungkas','2021-02-06','16:00:00','01:00:00',NULL,NULL),(383453979,3506262909960002,'Danang Ragil Pamungkas','2021-02-08','16:00:00','01:00:00',NULL,NULL),(383453980,3506262909960002,'Danang Ragil Pamungkas','2021-02-09','16:00:00','01:00:00',NULL,NULL),(383453981,3506262909960002,'Danang Ragil Pamungkas','2021-02-10','16:00:00','01:00:00',NULL,NULL),(383453982,3506262909960002,'Danang Ragil Pamungkas','2021-02-11','16:00:00','01:00:00',NULL,NULL),(383453983,3506262909960002,'Danang Ragil Pamungkas','2021-02-12','16:00:00','01:00:00',NULL,NULL),(383453984,3506262909960002,'Danang Ragil Pamungkas','2021-02-13','16:00:00','01:00:00',NULL,NULL),(383453985,3506262909960002,'Danang Ragil Pamungkas','2021-02-15','16:00:00','01:00:00',NULL,NULL),(383453986,3506262909960002,'Danang Ragil Pamungkas','2021-02-16','16:00:00','01:00:00',NULL,NULL),(383453987,3506262909960002,'Danang Ragil Pamungkas','2021-02-17','16:00:00','01:00:00',NULL,NULL),(383453988,3506262909960002,'Danang Ragil Pamungkas','2021-02-18','16:00:00','01:00:00',NULL,NULL),(383453989,3506262909960002,'Danang Ragil Pamungkas','2021-02-19','16:00:00','01:00:00',NULL,NULL),(383453990,3506262909960002,'Danang Ragil Pamungkas','2021-02-20','16:00:00','01:00:00',NULL,NULL),(383453991,3506262909960002,'Danang Ragil Pamungkas','2021-02-21','16:00:00','01:00:00',NULL,NULL),(383453992,3506262909960002,'Danang Ragil Pamungkas','2021-02-22','16:00:00','01:00:00',NULL,NULL),(383453993,3506262909960002,'Danang Ragil Pamungkas','2021-02-23','16:00:00','01:00:00',NULL,NULL),(383453994,3506262909960002,'Danang Ragil Pamungkas','2021-02-24','16:00:00','01:00:00',NULL,NULL),(383453995,3506262909960002,'Danang Ragil Pamungkas','2021-02-25','16:00:00','01:00:00',NULL,NULL),(383453996,3506262909960002,'Danang Ragil Pamungkas','2021-02-26','16:00:00','01:00:00',NULL,NULL),(383453997,3506262909960002,'Danang Ragil Pamungkas','2021-02-27','16:00:00','01:00:00',NULL,NULL),(383453998,3506262909960002,'Danang Ragil Pamungkas','2021-02-28','16:00:00','01:00:00',NULL,NULL),(383453999,3506052501980005,'Andri Rio Pramudian','2021-02-01','16:00:00','01:00:00',NULL,NULL),(383454000,3506052501980005,'Andri Rio Pramudian','2021-02-02','16:00:00','01:00:00',NULL,NULL),(383454001,3506052501980005,'Andri Rio Pramudian','2021-02-03','16:00:00','01:00:00',NULL,NULL),(383454002,3506052501980005,'Andri Rio Pramudian','2021-02-04','16:00:00','01:00:00',NULL,NULL),(383454003,3506052501980005,'Andri Rio Pramudian','2021-02-05','16:00:00','01:00:00',NULL,NULL),(383454004,3506052501980005,'Andri Rio Pramudian','2021-02-06','16:00:00','01:00:00',NULL,NULL),(383454005,3506052501980005,'Andri Rio Pramudian','2021-02-07','16:00:00','01:00:00',NULL,NULL),(383454006,3506052501980005,'Andri Rio Pramudian','2021-02-08','16:00:00','01:00:00',NULL,NULL),(383454007,3506052501980005,'Andri Rio Pramudian','2021-02-09','16:00:00','01:00:00',NULL,NULL),(383454008,3506052501980005,'Andri Rio Pramudian','2021-02-10','16:00:00','01:00:00',NULL,NULL),(383454009,3506052501980005,'Andri Rio Pramudian','2021-02-11','16:00:00','01:00:00',NULL,NULL),(383454010,3506052501980005,'Andri Rio Pramudian','2021-02-12','16:00:00','01:00:00',NULL,NULL),(383454011,3506052501980005,'Andri Rio Pramudian','2021-02-13','16:00:00','01:00:00',NULL,NULL),(383454012,3506052501980005,'Andri Rio Pramudian','2021-02-14','16:00:00','01:00:00',NULL,NULL),(383454013,3506052501980005,'Andri Rio Pramudian','2021-02-15','16:00:00','01:00:00',NULL,NULL),(383454014,3506052501980005,'Andri Rio Pramudian','2021-02-16','16:00:00','01:00:00',NULL,NULL),(383454015,3506052501980005,'Andri Rio Pramudian','2021-02-17','16:00:00','01:00:00',NULL,NULL),(383454016,3506052501980005,'Andri Rio Pramudian','2021-02-18','16:00:00','01:00:00',NULL,NULL),(383454017,3506052501980005,'Andri Rio Pramudian','2021-02-19','16:00:00','01:00:00',NULL,NULL),(383454018,3506052501980005,'Andri Rio Pramudian','2021-02-20','16:00:00','01:00:00',NULL,NULL),(383454019,3506052501980005,'Andri Rio Pramudian','2021-02-21','16:00:00','01:00:00',NULL,NULL),(383454020,3506052501980005,'Andri Rio Pramudian','2021-02-22','16:00:00','01:00:00',NULL,NULL),(383454021,3506052501980005,'Andri Rio Pramudian','2021-02-23','16:00:00','01:00:00',NULL,NULL),(383454022,3506052501980005,'Andri Rio Pramudian','2021-02-24','16:00:00','01:00:00',NULL,NULL),(383454023,3506052501980005,'Andri Rio Pramudian','2021-02-25','16:00:00','01:00:00',NULL,NULL),(383454024,3506052501980005,'Andri Rio Pramudian','2021-02-26','16:00:00','01:00:00',NULL,NULL),(383454025,3506052501980005,'Andri Rio Pramudian','2021-02-27','16:00:00','01:00:00',NULL,NULL),(383454026,3506052501980005,'Andri Rio Pramudian','2021-02-28','16:00:00','01:00:00',NULL,NULL),(383454027,3506052501980005,'Andri Rio Pramudian','2021-04-01','16:00:00','01:00:00',NULL,NULL),(383454028,3506052501980005,'Andri Rio Pramudian','2021-04-02','16:00:00','01:00:00',NULL,NULL),(383454029,3506052501980005,'Andri Rio Pramudian','2021-04-03','16:00:00','01:00:00',NULL,NULL),(383454030,3506052501980005,'Andri Rio Pramudian','2021-04-04','16:00:00','01:00:00',NULL,NULL),(383454031,3506052501980005,'Andri Rio Pramudian','2021-04-05','16:00:00','01:00:00',NULL,NULL),(383454032,3506052501980005,'Andri Rio Pramudian','2021-04-06','16:00:00','01:00:00',NULL,NULL),(383454033,3506052501980005,'Andri Rio Pramudian','2021-04-07','16:00:00','01:00:00',NULL,NULL),(383454034,3506052501980005,'Andri Rio Pramudian','2021-04-08','16:00:00','01:00:00',NULL,NULL),(383454035,3506052501980005,'Andri Rio Pramudian','2021-04-09','16:00:00','01:00:00',NULL,NULL),(383454036,3506052501980005,'Andri Rio Pramudian','2021-04-10','16:00:00','01:00:00',NULL,NULL),(383454037,3506052501980005,'Andri Rio Pramudian','2021-04-11','16:00:00','01:00:00',NULL,NULL),(383454038,3506052501980005,'Andri Rio Pramudian','2021-04-12','16:00:00','01:00:00',NULL,NULL),(383454039,3506052501980005,'Andri Rio Pramudian','2021-04-13','16:00:00','01:00:00',NULL,NULL),(383454040,3506052501980005,'Andri Rio Pramudian','2021-04-14','16:00:00','01:00:00',NULL,NULL),(383454041,3506052501980005,'Andri Rio Pramudian','2021-04-15','16:00:00','01:00:00',NULL,NULL),(383454042,3506052501980005,'Andri Rio Pramudian','2021-04-16','16:00:00','01:00:00',NULL,NULL),(383454043,3506052501980005,'Andri Rio Pramudian','2021-04-17','16:00:00','01:00:00',NULL,NULL),(383454044,3506052501980005,'Andri Rio Pramudian','2021-04-18','16:00:00','01:00:00',NULL,NULL),(383454045,3506052501980005,'Andri Rio Pramudian','2021-04-19','16:00:00','01:00:00',NULL,NULL),(383454046,3506052501980005,'Andri Rio Pramudian','2021-04-20','16:00:00','01:00:00',NULL,NULL),(383454047,3506052501980005,'Andri Rio Pramudian','2021-04-21','16:00:00','01:00:00',NULL,NULL),(383454048,3506052501980005,'Andri Rio Pramudian','2021-04-22','16:00:00','01:00:00',NULL,NULL),(383454049,3506052501980005,'Andri Rio Pramudian','2021-04-23','16:00:00','01:00:00',NULL,NULL),(383454050,3506052501980005,'Andri Rio Pramudian','2021-04-24','16:00:00','01:00:00',NULL,NULL),(383454051,3506052501980005,'Andri Rio Pramudian','2021-04-25','16:00:00','01:00:00',NULL,NULL),(383454052,3506052501980005,'Andri Rio Pramudian','2021-04-26','16:00:00','01:00:00',NULL,NULL),(383454053,3506052501980005,'Andri Rio Pramudian','2021-04-27','16:00:00','01:00:00',NULL,NULL),(383454054,3506052501980005,'Andri Rio Pramudian','2021-04-28','16:00:00','01:00:00',NULL,NULL),(383454055,3506052501980005,'Andri Rio Pramudian','2021-04-29','16:00:00','01:00:00',NULL,NULL),(383454056,3506052501980005,'Andri Rio Pramudian','2021-04-30','16:00:00','01:00:00',NULL,NULL),(383454057,3506052501980005,'Andri Rio Pramudian','2021-01-01','16:00:00','01:00:00',NULL,NULL),(383454058,3506052501980005,'Andri Rio Pramudian','2021-01-02','16:00:00','01:00:00',NULL,NULL),(383454059,3506052501980005,'Andri Rio Pramudian','2021-01-03','16:00:00','01:00:00',NULL,NULL),(383454060,3506052501980005,'Andri Rio Pramudian','2021-01-04','16:00:00','01:00:00',NULL,NULL),(383454061,3506052501980005,'Andri Rio Pramudian','2021-01-05','16:00:00','01:00:00',NULL,NULL),(383454062,3506052501980005,'Andri Rio Pramudian','2021-01-06','16:00:00','01:00:00',NULL,NULL),(383454063,3506052501980005,'Andri Rio Pramudian','2021-01-07','16:00:00','01:00:00',NULL,NULL),(383454064,3506052501980005,'Andri Rio Pramudian','2021-01-08','16:00:00','01:00:00',NULL,NULL),(383454065,3506052501980005,'Andri Rio Pramudian','2021-01-09','16:00:00','01:00:00',NULL,NULL),(383454066,3506052501980005,'Andri Rio Pramudian','2021-01-10','16:00:00','01:00:00',NULL,NULL),(383454067,3506052501980005,'Andri Rio Pramudian','2021-01-11','16:00:00','01:00:00',NULL,NULL),(383454068,3506052501980005,'Andri Rio Pramudian','2021-01-12','16:00:00','01:00:00',NULL,NULL),(383454069,3506052501980005,'Andri Rio Pramudian','2021-01-13','16:00:00','01:00:00',NULL,NULL),(383454070,3506052501980005,'Andri Rio Pramudian','2021-01-14','16:00:00','01:00:00',NULL,NULL),(383454071,3506052501980005,'Andri Rio Pramudian','2021-01-15','16:00:00','01:00:00',NULL,NULL),(383454072,3506052501980005,'Andri Rio Pramudian','2021-01-16','16:00:00','01:00:00',NULL,NULL),(383454073,3506052501980005,'Andri Rio Pramudian','2021-01-17','16:00:00','01:00:00',NULL,NULL),(383454074,3506052501980005,'Andri Rio Pramudian','2021-01-18','16:00:00','01:00:00',NULL,NULL),(383454075,3506052501980005,'Andri Rio Pramudian','2021-01-19','16:00:00','01:00:00',NULL,NULL),(383454076,3506052501980005,'Andri Rio Pramudian','2021-01-20','16:00:00','01:00:00',NULL,NULL),(383454077,3506052501980005,'Andri Rio Pramudian','2021-01-21','16:00:00','01:00:00',NULL,NULL),(383454078,3506052501980005,'Andri Rio Pramudian','2021-01-22','16:00:00','01:00:00',NULL,NULL),(383454079,3506052501980005,'Andri Rio Pramudian','2021-01-23','16:00:00','01:00:00',NULL,NULL),(383454080,3506052501980005,'Andri Rio Pramudian','2021-01-24','16:00:00','01:00:00',NULL,NULL),(383454081,3506052501980005,'Andri Rio Pramudian','2021-01-25','16:00:00','01:00:00',NULL,NULL),(383454082,3506052501980005,'Andri Rio Pramudian','2021-01-26','16:00:00','01:00:00',NULL,NULL),(383454083,3506052501980005,'Andri Rio Pramudian','2021-01-27','16:00:00','01:00:00',NULL,NULL),(383454084,3506052501980005,'Andri Rio Pramudian','2021-01-28','16:00:00','01:00:00',NULL,NULL),(383454085,3506052501980005,'Andri Rio Pramudian','2021-01-29','16:00:00','01:00:00',NULL,NULL),(383454086,3506052501980005,'Andri Rio Pramudian','2021-01-30','16:00:00','01:00:00',NULL,NULL),(383454087,3506052501980005,'Andri Rio Pramudian','2021-01-31','16:00:00','01:00:00',NULL,NULL),(383454088,3506052501980005,'Andri Rio Pramudian','2021-03-01','16:00:00','01:00:00',NULL,NULL),(383454089,3506052501980005,'Andri Rio Pramudian','2021-03-02','16:00:00','01:00:00',NULL,NULL),(383454090,3506052501980005,'Andri Rio Pramudian','2021-03-03','16:00:00','01:00:00',NULL,NULL),(383454091,3506052501980005,'Andri Rio Pramudian','2021-03-04','16:00:00','01:00:00',NULL,NULL),(383454092,3506052501980005,'Andri Rio Pramudian','2021-03-05','16:00:00','01:00:00',NULL,NULL),(383454093,3506052501980005,'Andri Rio Pramudian','2021-03-06','16:00:00','01:00:00',NULL,NULL),(383454094,3506052501980005,'Andri Rio Pramudian','2021-03-07','16:00:00','01:00:00',NULL,NULL),(383454095,3506052501980005,'Andri Rio Pramudian','2021-03-08','16:00:00','01:00:00',NULL,NULL),(383454096,3506052501980005,'Andri Rio Pramudian','2021-03-09','16:00:00','01:00:00',NULL,NULL),(383454097,3506052501980005,'Andri Rio Pramudian','2021-03-10','16:00:00','01:00:00',NULL,NULL),(383454098,3506052501980005,'Andri Rio Pramudian','2021-03-11','16:00:00','01:00:00',NULL,NULL),(383454099,3506052501980005,'Andri Rio Pramudian','2021-03-12','16:00:00','01:00:00',NULL,NULL),(383454100,3506052501980005,'Andri Rio Pramudian','2021-03-13','16:00:00','01:00:00',NULL,NULL),(383454101,3506052501980005,'Andri Rio Pramudian','2021-03-14','16:00:00','01:00:00',NULL,NULL),(383454102,3506052501980005,'Andri Rio Pramudian','2021-03-15','16:00:00','01:00:00',NULL,NULL),(383454103,3506052501980005,'Andri Rio Pramudian','2021-03-16','16:00:00','01:00:00',NULL,NULL),(383454104,3506052501980005,'Andri Rio Pramudian','2021-03-17','16:00:00','01:00:00',NULL,NULL),(383454105,3506052501980005,'Andri Rio Pramudian','2021-03-18','16:00:00','01:00:00',NULL,NULL),(383454106,3506052501980005,'Andri Rio Pramudian','2021-03-19','16:00:00','01:00:00',NULL,NULL),(383454107,3506052501980005,'Andri Rio Pramudian','2021-03-20','16:00:00','01:00:00',NULL,NULL),(383454108,3506052501980005,'Andri Rio Pramudian','2021-03-21','16:00:00','01:00:00',NULL,NULL),(383454109,3506052501980005,'Andri Rio Pramudian','2021-03-22','16:00:00','01:00:00',NULL,NULL),(383454110,3506052501980005,'Andri Rio Pramudian','2021-03-23','16:00:00','01:00:00',NULL,NULL),(383454111,3506052501980005,'Andri Rio Pramudian','2021-03-24','16:00:00','01:00:00',NULL,NULL),(383454112,3506052501980005,'Andri Rio Pramudian','2021-03-25','16:00:00','01:00:00',NULL,NULL),(383454113,3506052501980005,'Andri Rio Pramudian','2021-03-26','16:00:00','01:00:00',NULL,NULL),(383454114,3506052501980005,'Andri Rio Pramudian','2021-03-27','16:00:00','01:00:00',NULL,NULL),(383454115,3506052501980005,'Andri Rio Pramudian','2021-03-28','16:00:00','01:00:00',NULL,NULL),(383454116,3506052501980005,'Andri Rio Pramudian','2021-03-29','16:00:00','01:00:00',NULL,NULL),(383454117,3506052501980005,'Andri Rio Pramudian','2021-03-30','16:00:00','01:00:00',NULL,NULL),(383454118,3506052501980005,'Andri Rio Pramudian','2021-03-31','16:00:00','01:00:00',NULL,NULL),(383454119,3506052501980005,'Andri Rio Pramudian','2021-05-01','16:00:00','01:00:00',NULL,NULL),(383454120,3506052501980005,'Andri Rio Pramudian','2021-05-02','16:00:00','01:00:00',NULL,NULL),(383454121,3506052501980005,'Andri Rio Pramudian','2021-05-03','16:00:00','01:00:00',NULL,NULL),(383454122,3506052501980005,'Andri Rio Pramudian','2021-05-04','16:00:00','01:00:00',NULL,NULL),(383454123,3506052501980005,'Andri Rio Pramudian','2021-05-05','16:00:00','01:00:00',NULL,NULL),(383454124,3506052501980005,'Andri Rio Pramudian','2021-05-06','16:00:00','01:00:00',NULL,NULL),(383454125,3506052501980005,'Andri Rio Pramudian','2021-05-07','16:00:00','01:00:00',NULL,NULL),(383454126,3506052501980005,'Andri Rio Pramudian','2021-05-08','16:00:00','01:00:00',NULL,NULL),(383454127,3506052501980005,'Andri Rio Pramudian','2021-05-09','16:00:00','01:00:00',NULL,NULL),(383454128,3506052501980005,'Andri Rio Pramudian','2021-05-10','16:00:00','01:00:00',NULL,NULL),(383454129,3506052501980005,'Andri Rio Pramudian','2021-05-11','16:00:00','01:00:00',NULL,NULL),(383454130,3506052501980005,'Andri Rio Pramudian','2021-05-12','16:00:00','01:00:00',NULL,NULL),(383454131,3506052501980005,'Andri Rio Pramudian','2021-05-15','16:00:00','01:00:00',NULL,NULL),(383454132,3506052501980005,'Andri Rio Pramudian','2021-05-16','16:00:00','01:00:00',NULL,NULL),(383454133,3506052501980005,'Andri Rio Pramudian','2021-05-17','16:00:00','01:00:00',NULL,NULL),(383454134,3506052501980005,'Andri Rio Pramudian','2021-05-18','16:00:00','01:00:00',NULL,NULL),(383454135,3506052501980005,'Andri Rio Pramudian','2021-05-19','16:00:00','01:00:00',NULL,NULL),(383454136,3506052501980005,'Andri Rio Pramudian','2021-05-20','16:00:00','01:00:00',NULL,NULL),(383454137,3506052501980005,'Andri Rio Pramudian','2021-05-21','16:00:00','01:00:00',NULL,NULL),(383454138,3506052501980005,'Andri Rio Pramudian','2021-05-22','16:00:00','01:00:00',NULL,NULL),(383454139,3506052501980005,'Andri Rio Pramudian','2021-05-23','16:00:00','01:00:00',NULL,NULL),(383454140,3506052501980005,'Andri Rio Pramudian','2021-05-24','16:00:00','01:00:00',NULL,NULL),(383454141,3506052501980005,'Andri Rio Pramudian','2021-05-25','16:00:00','01:00:00',NULL,NULL),(383454142,3506052501980005,'Andri Rio Pramudian','2021-05-26','16:00:00','01:00:00',NULL,NULL),(383454143,3506052501980005,'Andri Rio Pramudian','2021-05-27','16:00:00','01:00:00',NULL,NULL),(383454144,3506052501980005,'Andri Rio Pramudian','2021-05-28','16:00:00','01:00:00',NULL,NULL),(383454145,3506052501980005,'Andri Rio Pramudian','2021-05-29','16:00:00','01:00:00',NULL,NULL),(383454146,3506052501980005,'Andri Rio Pramudian','2021-05-30','16:00:00','01:00:00',NULL,NULL),(383454147,3506052501980005,'Andri Rio Pramudian','2021-05-31','16:00:00','01:00:00',NULL,NULL),(383454302,3506055402000005,'Cindy Widyan Valentina','2022-01-01','16:00:00','01:00:00',NULL,NULL);

/*Table structure for table `bagians` */

DROP TABLE IF EXISTS `bagians`;

CREATE TABLE `bagians` (
  `bagid` bigint(20) unsigned NOT NULL AUTO_INCREMENT,
  `bagnama` varchar(191) COLLATE utf8mb4_unicode_ci NOT NULL,
  `bagpok` int(11) DEFAULT NULL,
  `created_at` timestamp NULL DEFAULT NULL,
  `updated_at` timestamp NULL DEFAULT NULL,
  PRIMARY KEY (`bagid`)
) ENGINE=InnoDB AUTO_INCREMENT=16 DEFAULT CHARSET=utf8mb4 COLLATE=utf8mb4_unicode_ci;

/*Data for the table `bagians` */

insert  into `bagians`(`bagid`,`bagnama`,`bagpok`,`created_at`,`updated_at`) values (1,'Admin',1200000,'2021-02-04 05:58:16','2021-02-04 16:35:51'),(4,'Kasir',800000,'2021-02-04 16:37:27','2021-02-04 16:37:27'),(5,'Pemilik',0,'2021-02-04 16:37:47','2021-02-08 07:38:49'),(8,'Karyawan',700000,'2021-05-11 12:10:14','2021-06-28 21:00:15');

/*Table structure for table `bonpots` */

DROP TABLE IF EXISTS `bonpots`;

CREATE TABLE `bonpots` (
  `bpid` bigint(20) unsigned NOT NULL AUTO_INCREMENT,
  `bonus` int(11) NOT NULL,
  `potongan` int(11) NOT NULL,
  `bulan` varchar(191) COLLATE utf8mb4_unicode_ci NOT NULL,
  `tahun` varchar(191) COLLATE utf8mb4_unicode_ci NOT NULL,
  `created_at` timestamp NULL DEFAULT NULL,
  `updated_at` timestamp NULL DEFAULT NULL,
  PRIMARY KEY (`bpid`)
) ENGINE=InnoDB AUTO_INCREMENT=2 DEFAULT CHARSET=utf8mb4 COLLATE=utf8mb4_unicode_ci;

/*Data for the table `bonpots` */

insert  into `bonpots`(`bpid`,`bonus`,`potongan`,`bulan`,`tahun`,`created_at`,`updated_at`) values (1,10000,2000,'','',NULL,'2021-07-02 16:16:33');

/*Table structure for table `cabangs` */

DROP TABLE IF EXISTS `cabangs`;

CREATE TABLE `cabangs` (
  `cabkode` varchar(191) COLLATE utf8mb4_unicode_ci NOT NULL,
  `cabnama` varchar(191) COLLATE utf8mb4_unicode_ci NOT NULL,
  `created_at` timestamp NULL DEFAULT NULL,
  `updated_at` timestamp NULL DEFAULT NULL,
  PRIMARY KEY (`cabkode`)
) ENGINE=InnoDB DEFAULT CHARSET=utf8mb4 COLLATE=utf8mb4_unicode_ci;

/*Data for the table `cabangs` */

insert  into `cabangs`(`cabkode`,`cabnama`,`created_at`,`updated_at`) values ('CAB-001','cabang1',NULL,NULL),('CAB-002','cabang2',NULL,NULL);

/*Table structure for table `failed_jobs` */

DROP TABLE IF EXISTS `failed_jobs`;

CREATE TABLE `failed_jobs` (
  `id` bigint(20) unsigned NOT NULL AUTO_INCREMENT,
  `uuid` varchar(191) COLLATE utf8mb4_unicode_ci NOT NULL,
  `connection` text COLLATE utf8mb4_unicode_ci NOT NULL,
  `queue` text COLLATE utf8mb4_unicode_ci NOT NULL,
  `payload` longtext COLLATE utf8mb4_unicode_ci NOT NULL,
  `exception` longtext COLLATE utf8mb4_unicode_ci NOT NULL,
  `failed_at` timestamp NOT NULL DEFAULT current_timestamp(),
  PRIMARY KEY (`id`),
  UNIQUE KEY `failed_jobs_uuid_unique` (`uuid`)
) ENGINE=InnoDB DEFAULT CHARSET=utf8mb4 COLLATE=utf8mb4_unicode_ci;

/*Data for the table `failed_jobs` */

/*Table structure for table `gajis` */

DROP TABLE IF EXISTS `gajis`;

CREATE TABLE `gajis` (
  `gajid` bigint(20) unsigned NOT NULL AUTO_INCREMENT,
  `karnik` int(11) NOT NULL,
  `karnama` varchar(191) COLLATE utf8mb4_unicode_ci NOT NULL,
  `bagid` int(11) NOT NULL,
  `abhar` date NOT NULL,
  `potongan` int(11) NOT NULL,
  `bonus` int(11) NOT NULL,
  `bagpok` int(11) NOT NULL,
  `gajtot` int(11) NOT NULL,
  `created_at` timestamp NULL DEFAULT NULL,
  `updated_at` timestamp NULL DEFAULT NULL,
  PRIMARY KEY (`gajid`)
) ENGINE=InnoDB DEFAULT CHARSET=utf8mb4 COLLATE=utf8mb4_unicode_ci;

/*Data for the table `gajis` */

/*Table structure for table `karyawans` */

DROP TABLE IF EXISTS `karyawans`;

CREATE TABLE `karyawans` (
  `karnik` bigint(20) unsigned NOT NULL,
  `karnama` varchar(191) COLLATE utf8mb4_unicode_ci NOT NULL,
  `email` varchar(191) COLLATE utf8mb4_unicode_ci NOT NULL,
  `karjk` varchar(191) COLLATE utf8mb4_unicode_ci NOT NULL,
  `kartl` date NOT NULL,
  `karal` varchar(191) COLLATE utf8mb4_unicode_ci NOT NULL,
  `kartelp` varchar(191) COLLATE utf8mb4_unicode_ci NOT NULL,
  `bagid` int(11) NOT NULL,
  `cabkode` varchar(191) COLLATE utf8mb4_unicode_ci DEFAULT NULL,
  `kartgljoin` date NOT NULL,
  `created_at` timestamp NULL DEFAULT NULL,
  `updated_at` timestamp NULL DEFAULT NULL,
  PRIMARY KEY (`karnik`)
) ENGINE=InnoDB DEFAULT CHARSET=utf8mb4 COLLATE=utf8mb4_unicode_ci;

/*Data for the table `karyawans` */

insert  into `karyawans`(`karnik`,`karnama`,`email`,`karjk`,`kartl`,`karal`,`kartelp`,`bagid`,`cabkode`,`kartgljoin`,`created_at`,`updated_at`) values (3505021406980001,'Karisma Piawai Sampurna','piawaysampurna123@gmail.com','Pria','1998-06-16','Jl. Raya Tegalan, Desa Tegalan, Kecamatan Kandat, Kabupaten Kediri','085232049663',5,NULL,'2017-03-23','2021-06-13 20:23:45','2021-06-13 20:23:45'),(3506052501980005,'Andri Rio Pramudian','andririo735@gmail.com','Pria','1998-04-25','Dusun Bangsal, Desa Selosari, Kecamatan Kandat, Kabupaten Kediri','089765432567',1,NULL,'2017-01-01','2021-02-08 14:36:50','2021-05-24 18:38:46'),(3506052505970006,'Bambang Sugianto','Bambanganto252gmail.com','Pria','1997-05-25','Dusun Kartosari, Desa Kandat, Kecamatan Kandat, Kabupaten Kediri','082271890764',8,'CAB-001','2017-06-24','2021-05-24 18:04:39','2021-05-28 21:47:17'),(3506052811010001,'Muchtar Al Husain','smar8823@gmail.com','Pria','2001-11-28','Dusun Dungpung, Desa Cendono, Kecamatan Kandat, Kabupaten Kediri','085746744634',8,'CAB-002','2017-01-24','2021-05-24 18:07:30','2021-05-24 18:07:30'),(3506055402000005,'Cindy Widyan Valentina','cindytina014@gmail.com','Wanita','2001-02-14','Dusun Kartosari, Desa Kandat, Kecamatan Kandat, Kabupaten Kediri','081345620987',4,'CAB-001','2017-05-24','2021-05-24 18:01:40','2021-05-24 18:01:40'),(3506262909960002,'Danang Ragil Pamungkas','danangpmks96@gmail.com','Pria','1996-09-25','Dusun Lamong, Desa Lamong, Kecamatan Badas, Kabupaten Kediri','081234634934',8,'CAB-002','2017-02-12','2021-05-28 21:44:54','2021-05-28 21:44:54'),(3506265806910002,'Bella Lizawana','bellaliz91@gmail.com','Wanita','1991-06-18','Dusun Lamong, Desa Lamong, Kecamatan Badas, Kabupaten Kediri','089575859173',4,'CAB-002','2020-05-28','2021-05-28 21:51:04','2021-05-28 21:51:04');

/*Table structure for table `kerusakans` */

DROP TABLE IF EXISTS `kerusakans`;

CREATE TABLE `kerusakans` (
  `rusakid` varchar(191) COLLATE utf8mb4_unicode_ci NOT NULL,
  `cabkode` varchar(191) COLLATE utf8mb4_unicode_ci NOT NULL,
  `rusaknama` varchar(191) COLLATE utf8mb4_unicode_ci NOT NULL,
  `rusaktgl` date NOT NULL,
  `rusakjml` varchar(191) COLLATE utf8mb4_unicode_ci NOT NULL,
  `keterangan` varchar(191) COLLATE utf8mb4_unicode_ci NOT NULL,
  `hargapenggantian` varchar(191) COLLATE utf8mb4_unicode_ci NOT NULL,
  `created_at` timestamp NULL DEFAULT NULL,
  `updated_at` timestamp NULL DEFAULT NULL
) ENGINE=InnoDB DEFAULT CHARSET=utf8mb4 COLLATE=utf8mb4_unicode_ci;

/*Data for the table `kerusakans` */

insert  into `kerusakans`(`rusakid`,`cabkode`,`rusaknama`,`rusaktgl`,`rusakjml`,`keterangan`,`hargapenggantian`,`created_at`,`updated_at`) values ('R-001','CAB-001','Lemari','2021-02-02','3','pintu copot','150000',NULL,NULL),('R-002','CAB-001','pintu 2','2021-02-03','12','bolong','3000001','2021-02-24 07:08:23','2021-02-24 07:19:33');

/*Table structure for table `menu_makanans` */

DROP TABLE IF EXISTS `menu_makanans`;

CREATE TABLE `menu_makanans` (
  `menukd` varchar(191) COLLATE utf8mb4_unicode_ci NOT NULL,
  `bkode` varchar(191) COLLATE utf8mb4_unicode_ci NOT NULL,
  `stok` varchar(191) COLLATE utf8mb4_unicode_ci NOT NULL,
  `hargajual` varchar(191) COLLATE utf8mb4_unicode_ci NOT NULL,
  `created_at` timestamp NULL DEFAULT NULL,
  `updated_at` timestamp NULL DEFAULT NULL,
  PRIMARY KEY (`menukd`)
) ENGINE=InnoDB DEFAULT CHARSET=utf8mb4 COLLATE=utf8mb4_unicode_ci;

/*Data for the table `menu_makanans` */

insert  into `menu_makanans`(`menukd`,`bkode`,`stok`,`hargajual`,`created_at`,`updated_at`) values ('M-002','B-0001','201','35001','2021-03-15 13:30:17','2021-03-15 13:52:28');

/*Table structure for table `migrations` */

DROP TABLE IF EXISTS `migrations`;

CREATE TABLE `migrations` (
  `id` int(10) unsigned NOT NULL AUTO_INCREMENT,
  `migration` varchar(191) COLLATE utf8mb4_unicode_ci NOT NULL,
  `batch` int(11) NOT NULL,
  PRIMARY KEY (`id`)
) ENGINE=InnoDB AUTO_INCREMENT=39 DEFAULT CHARSET=utf8mb4 COLLATE=utf8mb4_unicode_ci;

/*Data for the table `migrations` */

insert  into `migrations`(`id`,`migration`,`batch`) values (1,'2014_10_12_000000_create_users_table',1),(2,'2014_10_12_100000_create_password_resets_table',1),(3,'2019_08_19_000000_create_failed_jobs_table',1),(19,'2014_10_12_200000_add_two_factor_columns_to_users_table',2),(21,'2021_01_29_162437_create_sessions_table',2),(24,'2019_12_14_000001_create_personal_access_tokens_table',3),(26,'2021_02_01_160201_create_bagians_table',4),(27,'2021_02_04_054703_create_menumakanans_table',5),(28,'2021_02_04_070552_create_karyawans_table',6),(29,'2021_02_15_122514_create_suppliers_table',7),(30,'2021_02_15_133240_create_pengeluarans_table',8),(31,'2021_02_16_130024_create_pengeluarans_table',9),(32,'2021_02_24_041859_create_supply_barangs_table',10),(33,'2021_02_24_061816_create_cabangs_table',11),(34,'2021_02_24_062543_create_kerusakans_table',12),(35,'2021_03_15_120411_create_menu_makanans_table',13),(36,'2021_04_03_145125_create_absensis_table',14),(37,'2021_05_03_140725_create_gajis_table',15),(38,'2021_06_28_210237_create_bonpots_table',15);

/*Table structure for table `password_resets` */

DROP TABLE IF EXISTS `password_resets`;

CREATE TABLE `password_resets` (
  `email` varchar(191) COLLATE utf8mb4_unicode_ci NOT NULL,
  `token` varchar(191) COLLATE utf8mb4_unicode_ci NOT NULL,
  `created_at` timestamp NULL DEFAULT NULL,
  KEY `password_resets_email_index` (`email`)
) ENGINE=InnoDB DEFAULT CHARSET=utf8mb4 COLLATE=utf8mb4_unicode_ci;

/*Data for the table `password_resets` */

/*Table structure for table `personal_access_tokens` */

DROP TABLE IF EXISTS `personal_access_tokens`;

CREATE TABLE `personal_access_tokens` (
  `id` bigint(20) unsigned NOT NULL AUTO_INCREMENT,
  `tokenable_type` varchar(191) COLLATE utf8mb4_unicode_ci NOT NULL,
  `tokenable_id` bigint(20) unsigned NOT NULL,
  `name` varchar(191) COLLATE utf8mb4_unicode_ci NOT NULL,
  `token` varchar(64) COLLATE utf8mb4_unicode_ci NOT NULL,
  `abilities` text COLLATE utf8mb4_unicode_ci DEFAULT NULL,
  `last_used_at` timestamp NULL DEFAULT NULL,
  `created_at` timestamp NULL DEFAULT NULL,
  `updated_at` timestamp NULL DEFAULT NULL,
  PRIMARY KEY (`id`),
  UNIQUE KEY `personal_access_tokens_token_unique` (`token`),
  KEY `personal_access_tokens_tokenable_type_tokenable_id_index` (`tokenable_type`,`tokenable_id`)
) ENGINE=InnoDB DEFAULT CHARSET=utf8mb4 COLLATE=utf8mb4_unicode_ci;

/*Data for the table `personal_access_tokens` */

/*Table structure for table `sessions` */

DROP TABLE IF EXISTS `sessions`;

CREATE TABLE `sessions` (
  `id` varchar(191) COLLATE utf8mb4_unicode_ci NOT NULL,
  `user_id` bigint(20) unsigned DEFAULT NULL,
  `ip_address` varchar(45) COLLATE utf8mb4_unicode_ci DEFAULT NULL,
  `user_agent` text COLLATE utf8mb4_unicode_ci DEFAULT NULL,
  `payload` text COLLATE utf8mb4_unicode_ci NOT NULL,
  `last_activity` int(11) NOT NULL,
  PRIMARY KEY (`id`),
  KEY `sessions_user_id_index` (`user_id`),
  KEY `sessions_last_activity_index` (`last_activity`)
) ENGINE=InnoDB DEFAULT CHARSET=utf8mb4 COLLATE=utf8mb4_unicode_ci;

/*Data for the table `sessions` */

insert  into `sessions`(`id`,`user_id`,`ip_address`,`user_agent`,`payload`,`last_activity`) values ('G3H1JjRKn5HyuoMwZOLFHYGvSXOutGUJWIa0ntNd',32,'::1','Mozilla/5.0 (Windows NT 10.0; Win64; x64) AppleWebKit/537.36 (KHTML, like Gecko) Chrome/91.0.4472.114 Safari/537.36 Edg/91.0.864.59','YTo2OntzOjY6Il90b2tlbiI7czo0MDoib0MzdVFuelIyb1M0SmhuY1FrQ3paZ0t2eTRhdFhabk5jM2doS1NscSI7czo5OiJfcHJldmlvdXMiO2E6MTp7czozOiJ1cmwiO3M6MzU6Imh0dHA6Ly9sb2NhbGhvc3QvcHd0YS9wdWJsaWMvYm9ucG90Ijt9czo2OiJfZmxhc2giO2E6Mjp7czozOiJvbGQiO2E6MDp7fXM6MzoibmV3IjthOjA6e319czo1MDoibG9naW5fd2ViXzU5YmEzNmFkZGMyYjJmOTQwMTU4MGYwMTRjN2Y1OGVhNGUzMDk4OWQiO2k6MzI7czo5OiJkYXRhX3VzZXIiO2E6OTp7czoyOiJpZCI7aTozMjtzOjQ6Im5hbWUiO3M6MjM6IkthcmlzbWEgUGlhd2FpIFNhbXB1cm5hIjtzOjg6InVzZXJuYW1lIjtzOjY6InBpYXdhaSI7czo1OiJlbWFpbCI7TjtzOjU6ImxldmVsIjtzOjc6InBlbWlsaWsiO3M6NjoiY2FiYW5nIjtOO3M6Njoia2FybmlrIjtpOjM1MDUwMjE0MDY5ODAwMDE7czoxMDoiY2FiYW5na29kZSI7TjtzOjE3OiJwcm9maWxlX3Bob3RvX3VybCI7czo4NzoiaHR0cHM6Ly91aS1hdmF0YXJzLmNvbS9hcGkvP25hbWU9S2FyaXNtYStQaWF3YWkrU2FtcHVybmEmY29sb3I9N0Y5Q0Y1JmJhY2tncm91bmQ9RUJGNEZGIjt9czoxNzoicGFzc3dvcmRfaGFzaF93ZWIiO3M6NjA6IiQyeSQxMCQ3SjN3bVpDVlF6V1FPVU05anFRaHouRjBpQ3JtWlNxVXVDZ2dmcFBxNmRYZ2g4akVsbnlCRyI7fQ==',1625229435),('rlIsHQ8IqxaO6Us3pJutDQmHY6dLK5yrOcUkinaG',32,'::1','Mozilla/5.0 (Windows NT 10.0; Win64; x64) AppleWebKit/537.36 (KHTML, like Gecko) Chrome/91.0.4472.114 Safari/537.36 Edg/91.0.864.59','YTo3OntzOjk6Il9wcmV2aW91cyI7YToxOntzOjM6InVybCI7czo0ODoiaHR0cDovL2xvY2FsaG9zdC9wd3RhL3B1YmxpYy9ncmFmaWsva2luZXJqYS8yMDIxIjt9czo2OiJfZmxhc2giO2E6Mjp7czozOiJvbGQiO2E6MDp7fXM6MzoibmV3IjthOjA6e319czo2OiJfdG9rZW4iO3M6NDA6Im5tbnpmTFA1TFNxMklzWDlQa2VpYjJ6TGN3VGdmaW9nR3dCZXAwMzAiO3M6NTA6ImxvZ2luX3dlYl81OWJhMzZhZGRjMmIyZjk0MDE1ODBmMDE0YzdmNThlYTRlMzA5ODlkIjtpOjMyO3M6OToiZGF0YV91c2VyIjthOjk6e3M6MjoiaWQiO2k6MzI7czo0OiJuYW1lIjtzOjIzOiJLYXJpc21hIFBpYXdhaSBTYW1wdXJuYSI7czo4OiJ1c2VybmFtZSI7czo2OiJwaWF3YWkiO3M6NToiZW1haWwiO047czo1OiJsZXZlbCI7czo3OiJwZW1pbGlrIjtzOjY6ImNhYmFuZyI7TjtzOjY6Imthcm5payI7aTozNTA1MDIxNDA2OTgwMDAxO3M6MTA6ImNhYmFuZ2tvZGUiO047czoxNzoicHJvZmlsZV9waG90b191cmwiO3M6ODc6Imh0dHBzOi8vdWktYXZhdGFycy5jb20vYXBpLz9uYW1lPUthcmlzbWErUGlhd2FpK1NhbXB1cm5hJmNvbG9yPTdGOUNGNSZiYWNrZ3JvdW5kPUVCRjRGRiI7fXM6MTc6InBhc3N3b3JkX2hhc2hfd2ViIjtzOjYwOiIkMnkkMTAkN0ozd21aQ1ZReldRT1VNOWpxUWh6LkYwaUNybVpTcVV1Q2dnZnBQcTZkWGdoOGpFbG55QkciO3M6NToiYWxlcnQiO2E6MDp7fX0=',1625202072),('Rr3DymVuDyBdX202rcuk6caesPyixPlRzL6mcNTX',NULL,'::1','Mozilla/5.0 (Windows NT 10.0; Win64; x64) AppleWebKit/537.36 (KHTML, like Gecko) Chrome/91.0.4472.114 Safari/537.36 Edg/91.0.864.59','YTozOntzOjk6Il9wcmV2aW91cyI7YToxOntzOjM6InVybCI7czozNDoiaHR0cDovL2xvY2FsaG9zdC9wd3RhL3B1YmxpYy9sb2dpbiI7fXM6NjoiX2ZsYXNoIjthOjI6e3M6Mzoib2xkIjthOjA6e31zOjM6Im5ldyI7YTowOnt9fXM6NjoiX3Rva2VuIjtzOjQwOiJuekFVeXdlVWNTRVJoemthcndNQzBoOVlaNE95cExOWXB6U1A5WHNSIjt9',1625217630);

/*Table structure for table `suppliers` */

DROP TABLE IF EXISTS `suppliers`;

CREATE TABLE `suppliers` (
  `supkode` varchar(10) COLLATE utf8mb4_unicode_ci NOT NULL,
  `supnama` varchar(191) COLLATE utf8mb4_unicode_ci NOT NULL,
  `created_at` timestamp NULL DEFAULT NULL,
  `updated_at` timestamp NULL DEFAULT NULL,
  PRIMARY KEY (`supkode`)
) ENGINE=InnoDB DEFAULT CHARSET=utf8mb4 COLLATE=utf8mb4_unicode_ci;

/*Data for the table `suppliers` */

insert  into `suppliers`(`supkode`,`supnama`,`created_at`,`updated_at`) values ('SUP-001','Riska N',NULL,'2021-02-15 13:18:00');

/*Table structure for table `supply_barangs` */

DROP TABLE IF EXISTS `supply_barangs`;

CREATE TABLE `supply_barangs` (
  `bkode` varchar(191) COLLATE utf8mb4_unicode_ci NOT NULL,
  `bnama` varchar(191) COLLATE utf8mb4_unicode_ci NOT NULL,
  `btgl` date NOT NULL,
  `bjumlah` varchar(191) COLLATE utf8mb4_unicode_ci NOT NULL,
  `hargabeli` varchar(191) COLLATE utf8mb4_unicode_ci NOT NULL,
  `supkode` varchar(191) COLLATE utf8mb4_unicode_ci NOT NULL,
  `created_at` timestamp NULL DEFAULT NULL,
  `updated_at` timestamp NULL DEFAULT NULL,
  PRIMARY KEY (`bkode`)
) ENGINE=InnoDB DEFAULT CHARSET=utf8mb4 COLLATE=utf8mb4_unicode_ci;

/*Data for the table `supply_barangs` */

insert  into `supply_barangs`(`bkode`,`bnama`,`btgl`,`bjumlah`,`hargabeli`,`supkode`,`created_at`,`updated_at`) values ('B-0001','NUTRISARI','2021-02-10','3','20000','SUP-001',NULL,NULL),('B-002','Nutrisari jeruk','2020-05-24','2 lusin','200001','SUP-001','2021-02-24 05:44:27','2021-02-24 06:08:37'),('B-003','KOPI','2021-02-03','2 lusin','200000','SUP-001','2021-02-24 07:14:47','2021-02-24 07:14:47');

/*Table structure for table `user_cab` */

DROP TABLE IF EXISTS `user_cab`;

CREATE TABLE `user_cab` (
  `id` int(11) NOT NULL AUTO_INCREMENT,
  `id_user` bigint(20) unsigned NOT NULL,
  `id_cabang` varchar(191) COLLATE utf8mb4_unicode_ci NOT NULL,
  `created_at` timestamp NOT NULL DEFAULT current_timestamp() ON UPDATE current_timestamp(),
  `update_at` timestamp NOT NULL DEFAULT '0000-00-00 00:00:00',
  PRIMARY KEY (`id`),
  KEY `id_user` (`id_user`),
  KEY `id_cabang` (`id_cabang`),
  CONSTRAINT `user_cab_ibfk_1` FOREIGN KEY (`id_user`) REFERENCES `users` (`id`) ON DELETE CASCADE,
  CONSTRAINT `user_cab_ibfk_2` FOREIGN KEY (`id_cabang`) REFERENCES `cabangs` (`cabkode`) ON DELETE CASCADE ON UPDATE CASCADE
) ENGINE=InnoDB AUTO_INCREMENT=2 DEFAULT CHARSET=utf8mb4 COLLATE=utf8mb4_unicode_ci;

/*Data for the table `user_cab` */

/*Table structure for table `users` */

DROP TABLE IF EXISTS `users`;

CREATE TABLE `users` (
  `id` bigint(20) unsigned NOT NULL AUTO_INCREMENT,
  `karnik` bigint(20) unsigned NOT NULL,
  `name` varchar(191) COLLATE utf8mb4_unicode_ci NOT NULL,
  `username` varchar(191) COLLATE utf8mb4_unicode_ci NOT NULL,
  `password` varchar(191) COLLATE utf8mb4_unicode_ci NOT NULL,
  `level` varchar(191) COLLATE utf8mb4_unicode_ci NOT NULL,
  `remember_token` varchar(100) COLLATE utf8mb4_unicode_ci DEFAULT NULL,
  `created_at` timestamp NULL DEFAULT NULL,
  `updated_at` timestamp NULL DEFAULT NULL,
  PRIMARY KEY (`id`),
  KEY `karnik` (`karnik`),
  CONSTRAINT `users_ibfk_1` FOREIGN KEY (`karnik`) REFERENCES `karyawans` (`karnik`) ON DELETE CASCADE ON UPDATE CASCADE
) ENGINE=InnoDB AUTO_INCREMENT=33 DEFAULT CHARSET=utf8mb4 COLLATE=utf8mb4_unicode_ci;

/*Data for the table `users` */

insert  into `users`(`id`,`karnik`,`name`,`username`,`password`,`level`,`remember_token`,`created_at`,`updated_at`) values (20,3506052811010001,'Muchtar Al Husain','husain','$2y$10$6Tp.0uTSxqsVBQ2dslkK1er/DVUuPwDjtGl1QnAzcf.ESynfj3VZW','karyawan',NULL,'2021-05-28 21:27:06','2021-05-28 21:27:06'),(22,3506052501980005,'Andri Rio Pramudian','admin','$2y$10$QIHLVlRuoTNzLaLSEw61ruT62iITNoopJAfYsuW4yyT5U687e1Q7u','admin',NULL,NULL,NULL),(24,3506052505970006,'Bambang Sugianto','bambang','$2y$10$kbb8HOM22.A22i1Qs2Kx2etej6967q0b9ByGPBziohIpqFUIODyM6','karyawan',NULL,'2021-05-28 21:38:08','2021-05-28 21:38:08'),(25,3506055402000005,'Cindy Widyan Valentina','cindy','$2y$10$3GiqmQINLwyJ/uD8cauoV.5Ela0Ool1rHm7q5Q/NQuMcSi75/xHFK','karyawan',NULL,'2021-05-28 21:39:10','2021-05-28 21:39:10'),(26,3506265806910002,'Bella Lizawana','bella','$2y$10$1KW2TW5JhFk/MzH2imBmTuWsuS.Zxqr5muvEV2dXPqTJ9mULeLG1m','karyawan',NULL,'2021-05-28 21:51:36','2021-05-28 21:51:36'),(27,3506262909960002,'Danang Ragil Pamungkas','danang','$2y$10$o1afUbxsLbw7XPyNsFFFM.UuR8k.TmtXpbtKo/u.tR0QtV9D0NZdC','karyawan',NULL,'2021-05-28 21:52:00','2021-05-28 21:52:00'),(32,3505021406980001,'Karisma Piawai Sampurna','piawai','$2y$10$7J3wmZCVQzWQOUM9jqQhz.F0iCrmZSqUuCggfpPq6dXgh8jElnyBG','pemilik',NULL,'2021-06-13 20:24:15','2021-06-13 20:24:15');

/*Table structure for table `rekap_gaji` */

DROP TABLE IF EXISTS `rekap_gaji`;

/*!50001 DROP VIEW IF EXISTS `rekap_gaji` */;
/*!50001 DROP TABLE IF EXISTS `rekap_gaji` */;

/*!50001 CREATE TABLE  `rekap_gaji`(
 `karnik` bigint(20) unsigned ,
 `karnama` varchar(191) ,
 `bagnama` varchar(191) ,
 `abhar` date ,
 `jumlah_hari` int(2) ,
 `jumlah_masuk` bigint(21) ,
 `potongan` decimal(32,0) ,
 `bonus` varchar(5) ,
 `bagpok` int(11) ,
 `total` double 
)*/;

/*View structure for view rekap_gaji */

/*!50001 DROP TABLE IF EXISTS `rekap_gaji` */;
/*!50001 DROP VIEW IF EXISTS `rekap_gaji` */;

/*!50001 CREATE ALGORITHM=UNDEFINED DEFINER=`root`@`localhost` SQL SECURITY DEFINER VIEW `rekap_gaji` AS select `ab`.`karnik` AS `karnik`,`kr`.`karnama` AS `karnama`,`bg`.`bagnama` AS `bagnama`,`ab`.`abhar` AS `abhar`,`ab`.`jumlah_hari` AS `jumlah_hari`,`ab`.`jumlah_masuk` AS `jumlah_masuk`,`ab`.`potongan` AS `potongan`,if(`ab`.`jumlah_masuk` = `ab`.`jumlah_hari`,'50000','0') AS `bonus`,`bg`.`bagpok` AS `bagpok`,round(`bg`.`bagpok` / `ab`.`jumlah_hari` * `ab`.`jumlah_masuk`,0) + if(`ab`.`jumlah_masuk` = `ab`.`jumlah_hari`,'50000','0') - `ab`.`potongan` AS `total` from (((select `a`.`karnik` AS `karnik`,count(`a`.`abhar`) AS `jumlah_masuk`,dayofmonth(last_day(`a`.`abhar`)) AS `jumlah_hari`,sum(`a`.`potongan`) AS `potongan`,`a`.`abhar` AS `abhar` from (select `pwta`.`absensis`.`abid` AS `abid`,`pwta`.`absensis`.`karnik` AS `karnik`,`pwta`.`absensis`.`karnama` AS `karnama`,`pwta`.`absensis`.`abhar` AS `abhar`,`pwta`.`absensis`.`abmas` AS `abmas`,`pwta`.`absensis`.`abkel` AS `abkel`,`pwta`.`absensis`.`created_at` AS `created_at`,`pwta`.`absensis`.`updated_at` AS `updated_at`,if(`pwta`.`absensis`.`abmas` > '16:00:00',1000,0) AS `potongan` from `pwta`.`absensis`) `a` group by `a`.`karnik`,month(`a`.`abhar`)) `ab` left join `pwta`.`karyawans` `kr` on(`kr`.`karnik` = `ab`.`karnik`)) left join `pwta`.`bagians` `bg` on(`bg`.`bagid` = `kr`.`bagid`)) */;

/*!40101 SET SQL_MODE=@OLD_SQL_MODE */;
/*!40014 SET FOREIGN_KEY_CHECKS=@OLD_FOREIGN_KEY_CHECKS */;
/*!40014 SET UNIQUE_CHECKS=@OLD_UNIQUE_CHECKS */;
/*!40111 SET SQL_NOTES=@OLD_SQL_NOTES */;
